split,label,image_name,relative_path,faiss_id
train,Alstonia Scholaris,0003_0011.JPG,train\Alstonia Scholaris\0003_0011.JPG,0
train,Alstonia Scholaris,0003_0012.JPG,train\Alstonia Scholaris\0003_0012.JPG,1
train,Alstonia Scholaris,0003_0013.JPG,train\Alstonia Scholaris\0003_0013.JPG,2
train,Alstonia Scholaris,0003_0014.JPG,train\Alstonia Scholaris\0003_0014.JPG,3
train,Alstonia Scholaris,0003_0015.JPG,train\Alstonia Scholaris\0003_0015.JPG,4
train,Alstonia Scholaris,0003_0016.JPG,train\Alstonia Scholaris\0003_0016.JPG,5
train,Alstonia Scholaris,0003_0017.JPG,train\Alstonia Scholaris\0003_0017.JPG,6
train,Alstonia Scholaris,0003_0018.JPG,train\Alstonia Scholaris\0003_0018.JPG,7
train,Alstonia Scholaris,0003_0019.JPG,train\Alstonia Scholaris\0003_0019.JPG,8
train,Alstonia Scholaris,0003_0020.JPG,train\Alstonia Scholaris\0003_0020.JPG,9
train,Alstonia Scholaris,0003_0021.JPG,train\Alstonia Scholaris\0003_0021.JPG,10
train,Alstonia Scholaris,0003_0022.JPG,train\Alstonia Scholaris\0003_0022.JPG,11
train,Alstonia Scholaris,0003_0023.JPG,train\Alstonia Scholaris\0003_0023.JPG,12
train,Alstonia Scholaris,0003_0024.JPG,train\Alstonia Scholaris\0003_0024.JPG,13
train,Alstonia Scholaris,0003_0025.JPG,train\Alstonia Scholaris\0003_0025.JPG,14
train,Alstonia Scholaris,0003_0026.JPG,train\Alstonia Scholaris\0003_0026.JPG,15
train,Alstonia Scholaris,0003_0027.JPG,train\Alstonia Scholaris\0003_0027.JPG,16
train,Alstonia Scholaris,0003_0028.JPG,train\Alstonia Scholaris\0003_0028.JPG,17
train,Alstonia Scholaris,0003_0029.JPG,train\Alstonia Scholaris\0003_0029.JPG,18
train,Alstonia Scholaris,0003_0030.JPG,train\Alstonia Scholaris\0003_0030.JPG,19
train,Alstonia Scholaris,0003_0031.JPG,train\Alstonia Scholaris\0003_0031.JPG,20
train,Alstonia Scholaris,0003_0032.JPG,train\Alstonia Scholaris\0003_0032.JPG,21
train,Alstonia Scholaris,0003_0033.JPG,train\Alstonia Scholaris\0003_0033.JPG,22
train,Alstonia Scholaris,0003_0034.JPG,train\Alstonia Scholaris\0003_0034.JPG,23
train,Alstonia Scholaris,0003_0035.JPG,train\Alstonia Scholaris\0003_0035.JPG,24
train,Alstonia Scholaris,0003_0036.JPG,train\Alstonia Scholaris\0003_0036.JPG,25
train,Alstonia Scholaris,0003_0037.JPG,train\Alstonia Scholaris\0003_0037.JPG,26
train,Alstonia Scholaris,0003_0038.JPG,train\Alstonia Scholaris\0003_0038.JPG,27
train,Alstonia Scholaris,0003_0039.JPG,train\Alstonia Scholaris\0003_0039.JPG,28
train,Alstonia Scholaris,0003_0040.JPG,train\Alstonia Scholaris\0003_0040.JPG,29
train,Alstonia Scholaris,0003_0041.JPG,train\Alstonia Scholaris\0003_0041.JPG,30
train,Alstonia Scholaris,0003_0042.JPG,train\Alstonia Scholaris\0003_0042.JPG,31
train,Alstonia Scholaris,0003_0043.JPG,train\Alstonia Scholaris\0003_0043.JPG,32
train,Alstonia Scholaris,0003_0044.JPG,train\Alstonia Scholaris\0003_0044.JPG,33
train,Alstonia Scholaris,0003_0045.JPG,train\Alstonia Scholaris\0003_0045.JPG,34
train,Alstonia Scholaris,0003_0046.JPG,train\Alstonia Scholaris\0003_0046.JPG,35
train,Alstonia Scholaris,0003_0047.JPG,train\Alstonia Scholaris\0003_0047.JPG,36
train,Alstonia Scholaris,0003_0048.JPG,train\Alstonia Scholaris\0003_0048.JPG,37
train,Alstonia Scholaris,0003_0049.JPG,train\Alstonia Scholaris\0003_0049.JPG,38
train,Alstonia Scholaris,0003_0050.JPG,train\Alstonia Scholaris\0003_0050.JPG,39
train,Alstonia Scholaris,0003_0051.JPG,train\Alstonia Scholaris\0003_0051.JPG,40
train,Alstonia Scholaris,0003_0052.JPG,train\Alstonia Scholaris\0003_0052.JPG,41
train,Alstonia Scholaris,0003_0053.JPG,train\Alstonia Scholaris\0003_0053.JPG,42
train,Alstonia Scholaris,0003_0054.JPG,train\Alstonia Scholaris\0003_0054.JPG,43
train,Alstonia Scholaris,0003_0055.JPG,train\Alstonia Scholaris\0003_0055.JPG,44
train,Alstonia Scholaris,0003_0056.JPG,train\Alstonia Scholaris\0003_0056.JPG,45
train,Alstonia Scholaris,0003_0057.JPG,train\Alstonia Scholaris\0003_0057.JPG,46
train,Alstonia Scholaris,0003_0058.JPG,train\Alstonia Scholaris\0003_0058.JPG,47
train,Alstonia Scholaris,0003_0059.JPG,train\Alstonia Scholaris\0003_0059.JPG,48
train,Alstonia Scholaris,0003_0060.JPG,train\Alstonia Scholaris\0003_0060.JPG,49
train,Alstonia Scholaris,0003_0061.JPG,train\Alstonia Scholaris\0003_0061.JPG,50
train,Alstonia Scholaris,0003_0062.JPG,train\Alstonia Scholaris\0003_0062.JPG,51
train,Alstonia Scholaris,0003_0063.JPG,train\Alstonia Scholaris\0003_0063.JPG,52
train,Alstonia Scholaris,0003_0064.JPG,train\Alstonia Scholaris\0003_0064.JPG,53
train,Alstonia Scholaris,0003_0065.JPG,train\Alstonia Scholaris\0003_0065.JPG,54
train,Alstonia Scholaris,0003_0066.JPG,train\Alstonia Scholaris\0003_0066.JPG,55
train,Alstonia Scholaris,0003_0067.JPG,train\Alstonia Scholaris\0003_0067.JPG,56
train,Alstonia Scholaris,0003_0068.JPG,train\Alstonia Scholaris\0003_0068.JPG,57
train,Alstonia Scholaris,0003_0069.JPG,train\Alstonia Scholaris\0003_0069.JPG,58
train,Alstonia Scholaris,0003_0070.JPG,train\Alstonia Scholaris\0003_0070.JPG,59
train,Alstonia Scholaris,0003_0071.JPG,train\Alstonia Scholaris\0003_0071.JPG,60
train,Alstonia Scholaris,0003_0072.JPG,train\Alstonia Scholaris\0003_0072.JPG,61
train,Alstonia Scholaris,0003_0073.JPG,train\Alstonia Scholaris\0003_0073.JPG,62
train,Alstonia Scholaris,0003_0074.JPG,train\Alstonia Scholaris\0003_0074.JPG,63
train,Alstonia Scholaris,0003_0075.JPG,train\Alstonia Scholaris\0003_0075.JPG,64
train,Alstonia Scholaris,0003_0076.JPG,train\Alstonia Scholaris\0003_0076.JPG,65
train,Alstonia Scholaris,0003_0077.JPG,train\Alstonia Scholaris\0003_0077.JPG,66
train,Alstonia Scholaris,0003_0078.JPG,train\Alstonia Scholaris\0003_0078.JPG,67
train,Alstonia Scholaris,0003_0079.JPG,train\Alstonia Scholaris\0003_0079.JPG,68
train,Alstonia Scholaris,0003_0080.JPG,train\Alstonia Scholaris\0003_0080.JPG,69
train,Alstonia Scholaris,0003_0081.JPG,train\Alstonia Scholaris\0003_0081.JPG,70
train,Alstonia Scholaris,0003_0082.JPG,train\Alstonia Scholaris\0003_0082.JPG,71
train,Alstonia Scholaris,0003_0083.JPG,train\Alstonia Scholaris\0003_0083.JPG,72
train,Alstonia Scholaris,0003_0084.JPG,train\Alstonia Scholaris\0003_0084.JPG,73
train,Alstonia Scholaris,0003_0085.JPG,train\Alstonia Scholaris\0003_0085.JPG,74
train,Alstonia Scholaris,0003_0086.JPG,train\Alstonia Scholaris\0003_0086.JPG,75
train,Alstonia Scholaris,0003_0087.JPG,train\Alstonia Scholaris\0003_0087.JPG,76
train,Alstonia Scholaris,0003_0088.JPG,train\Alstonia Scholaris\0003_0088.JPG,77
train,Alstonia Scholaris,0003_0089.JPG,train\Alstonia Scholaris\0003_0089.JPG,78
train,Alstonia Scholaris,0003_0090.JPG,train\Alstonia Scholaris\0003_0090.JPG,79
train,Alstonia Scholaris,0003_0091.JPG,train\Alstonia Scholaris\0003_0091.JPG,80
train,Alstonia Scholaris,0003_0092.JPG,train\Alstonia Scholaris\0003_0092.JPG,81
train,Alstonia Scholaris,0003_0093.JPG,train\Alstonia Scholaris\0003_0093.JPG,82
train,Alstonia Scholaris,0003_0094.JPG,train\Alstonia Scholaris\0003_0094.JPG,83
train,Alstonia Scholaris,0003_0095.JPG,train\Alstonia Scholaris\0003_0095.JPG,84
train,Alstonia Scholaris,0003_0096.JPG,train\Alstonia Scholaris\0003_0096.JPG,85
train,Alstonia Scholaris,0003_0097.JPG,train\Alstonia Scholaris\0003_0097.JPG,86
train,Alstonia Scholaris,0003_0098.JPG,train\Alstonia Scholaris\0003_0098.JPG,87
train,Alstonia Scholaris,0003_0099.JPG,train\Alstonia Scholaris\0003_0099.JPG,88
train,Alstonia Scholaris,0003_0100.JPG,train\Alstonia Scholaris\0003_0100.JPG,89
train,Alstonia Scholaris,0003_0101.JPG,train\Alstonia Scholaris\0003_0101.JPG,90
train,Alstonia Scholaris,0003_0102.JPG,train\Alstonia Scholaris\0003_0102.JPG,91
train,Alstonia Scholaris,0003_0103.JPG,train\Alstonia Scholaris\0003_0103.JPG,92
train,Alstonia Scholaris,0003_0104.JPG,train\Alstonia Scholaris\0003_0104.JPG,93
train,Alstonia Scholaris,0003_0105.JPG,train\Alstonia Scholaris\0003_0105.JPG,94
train,Alstonia Scholaris,0003_0106.JPG,train\Alstonia Scholaris\0003_0106.JPG,95
train,Alstonia Scholaris,0003_0107.JPG,train\Alstonia Scholaris\0003_0107.JPG,96
train,Alstonia Scholaris,0003_0108.JPG,train\Alstonia Scholaris\0003_0108.JPG,97
train,Alstonia Scholaris,0003_0109.JPG,train\Alstonia Scholaris\0003_0109.JPG,98
train,Alstonia Scholaris,0003_0110.JPG,train\Alstonia Scholaris\0003_0110.JPG,99
train,Alstonia Scholaris,0003_0111.JPG,train\Alstonia Scholaris\0003_0111.JPG,100
train,Alstonia Scholaris,0003_0112.JPG,train\Alstonia Scholaris\0003_0112.JPG,101
train,Alstonia Scholaris,0003_0113.JPG,train\Alstonia Scholaris\0003_0113.JPG,102
train,Alstonia Scholaris,0003_0114.JPG,train\Alstonia Scholaris\0003_0114.JPG,103
train,Alstonia Scholaris,0003_0115.JPG,train\Alstonia Scholaris\0003_0115.JPG,104
train,Alstonia Scholaris,0003_0116.JPG,train\Alstonia Scholaris\0003_0116.JPG,105
train,Alstonia Scholaris,0003_0117.JPG,train\Alstonia Scholaris\0003_0117.JPG,106
train,Alstonia Scholaris,0003_0118.JPG,train\Alstonia Scholaris\0003_0118.JPG,107
train,Alstonia Scholaris,0003_0119.JPG,train\Alstonia Scholaris\0003_0119.JPG,108
train,Alstonia Scholaris,0003_0120.JPG,train\Alstonia Scholaris\0003_0120.JPG,109
train,Alstonia Scholaris,0003_0121.JPG,train\Alstonia Scholaris\0003_0121.JPG,110
train,Alstonia Scholaris,0003_0122.JPG,train\Alstonia Scholaris\0003_0122.JPG,111
train,Alstonia Scholaris,0003_0123.JPG,train\Alstonia Scholaris\0003_0123.JPG,112
train,Alstonia Scholaris,0003_0124.JPG,train\Alstonia Scholaris\0003_0124.JPG,113
train,Alstonia Scholaris,0003_0125.JPG,train\Alstonia Scholaris\0003_0125.JPG,114
train,Alstonia Scholaris,0003_0126.JPG,train\Alstonia Scholaris\0003_0126.JPG,115
train,Alstonia Scholaris,0003_0127.JPG,train\Alstonia Scholaris\0003_0127.JPG,116
train,Alstonia Scholaris,0003_0128.JPG,train\Alstonia Scholaris\0003_0128.JPG,117
train,Alstonia Scholaris,0003_0129.JPG,train\Alstonia Scholaris\0003_0129.JPG,118
train,Alstonia Scholaris,0003_0130.JPG,train\Alstonia Scholaris\0003_0130.JPG,119
train,Alstonia Scholaris,0003_0131.JPG,train\Alstonia Scholaris\0003_0131.JPG,120
train,Alstonia Scholaris,0003_0132.JPG,train\Alstonia Scholaris\0003_0132.JPG,121
train,Alstonia Scholaris,0003_0133.JPG,train\Alstonia Scholaris\0003_0133.JPG,122
train,Alstonia Scholaris,0003_0134.JPG,train\Alstonia Scholaris\0003_0134.JPG,123
train,Alstonia Scholaris,0003_0135.JPG,train\Alstonia Scholaris\0003_0135.JPG,124
train,Alstonia Scholaris,0003_0136.JPG,train\Alstonia Scholaris\0003_0136.JPG,125
train,Alstonia Scholaris,0003_0137.JPG,train\Alstonia Scholaris\0003_0137.JPG,126
train,Alstonia Scholaris,0003_0138.JPG,train\Alstonia Scholaris\0003_0138.JPG,127
train,Alstonia Scholaris,0003_0139.JPG,train\Alstonia Scholaris\0003_0139.JPG,128
train,Alstonia Scholaris,0003_0140.JPG,train\Alstonia Scholaris\0003_0140.JPG,129
train,Alstonia Scholaris,0003_0141.JPG,train\Alstonia Scholaris\0003_0141.JPG,130
train,Alstonia Scholaris,0003_0142.JPG,train\Alstonia Scholaris\0003_0142.JPG,131
train,Alstonia Scholaris,0003_0143.JPG,train\Alstonia Scholaris\0003_0143.JPG,132
train,Alstonia Scholaris,0003_0144.JPG,train\Alstonia Scholaris\0003_0144.JPG,133
train,Alstonia Scholaris,0003_0145.JPG,train\Alstonia Scholaris\0003_0145.JPG,134
train,Alstonia Scholaris,0003_0146.JPG,train\Alstonia Scholaris\0003_0146.JPG,135
train,Alstonia Scholaris,0003_0147.JPG,train\Alstonia Scholaris\0003_0147.JPG,136
train,Alstonia Scholaris,0003_0148.JPG,train\Alstonia Scholaris\0003_0148.JPG,137
train,Alstonia Scholaris,0003_0149.JPG,train\Alstonia Scholaris\0003_0149.JPG,138
train,Alstonia Scholaris,0003_0150.JPG,train\Alstonia Scholaris\0003_0150.JPG,139
train,Alstonia Scholaris,0003_0151.JPG,train\Alstonia Scholaris\0003_0151.JPG,140
train,Alstonia Scholaris,0003_0152.JPG,train\Alstonia Scholaris\0003_0152.JPG,141
train,Alstonia Scholaris,0003_0153.JPG,train\Alstonia Scholaris\0003_0153.JPG,142
train,Alstonia Scholaris,0003_0154.JPG,train\Alstonia Scholaris\0003_0154.JPG,143
train,Alstonia Scholaris,0003_0155.JPG,train\Alstonia Scholaris\0003_0155.JPG,144
train,Alstonia Scholaris,0003_0156.JPG,train\Alstonia Scholaris\0003_0156.JPG,145
train,Alstonia Scholaris,0003_0157.JPG,train\Alstonia Scholaris\0003_0157.JPG,146
train,Alstonia Scholaris,0003_0158.JPG,train\Alstonia Scholaris\0003_0158.JPG,147
train,Alstonia Scholaris,0003_0159.JPG,train\Alstonia Scholaris\0003_0159.JPG,148
train,Alstonia Scholaris,0003_0160.JPG,train\Alstonia Scholaris\0003_0160.JPG,149
train,Alstonia Scholaris,0003_0161.JPG,train\Alstonia Scholaris\0003_0161.JPG,150
train,Alstonia Scholaris,0003_0162.JPG,train\Alstonia Scholaris\0003_0162.JPG,151
train,Alstonia Scholaris,0003_0163.JPG,train\Alstonia Scholaris\0003_0163.JPG,152
train,Alstonia Scholaris,0003_0164.JPG,train\Alstonia Scholaris\0003_0164.JPG,153
train,Alstonia Scholaris,0003_0165.JPG,train\Alstonia Scholaris\0003_0165.JPG,154
train,Alstonia Scholaris,0003_0166.JPG,train\Alstonia Scholaris\0003_0166.JPG,155
train,Alstonia Scholaris,0003_0167.JPG,train\Alstonia Scholaris\0003_0167.JPG,156
train,Alstonia Scholaris,0003_0168.JPG,train\Alstonia Scholaris\0003_0168.JPG,157
train,Alstonia Scholaris,0003_0169.JPG,train\Alstonia Scholaris\0003_0169.JPG,158
train,Alstonia Scholaris,0003_0170.JPG,train\Alstonia Scholaris\0003_0170.JPG,159
train,Alstonia Scholaris,0003_0171.JPG,train\Alstonia Scholaris\0003_0171.JPG,160
train,Alstonia Scholaris,0003_0172.JPG,train\Alstonia Scholaris\0003_0172.JPG,161
train,Alstonia Scholaris,0003_0173.JPG,train\Alstonia Scholaris\0003_0173.JPG,162
train,Alstonia Scholaris,0003_0174.JPG,train\Alstonia Scholaris\0003_0174.JPG,163
train,Alstonia Scholaris,0003_0175.JPG,train\Alstonia Scholaris\0003_0175.JPG,164
train,Alstonia Scholaris,0003_0176.JPG,train\Alstonia Scholaris\0003_0176.JPG,165
train,Alstonia Scholaris,0003_0177.JPG,train\Alstonia Scholaris\0003_0177.JPG,166
train,Alstonia Scholaris,0003_0178.JPG,train\Alstonia Scholaris\0003_0178.JPG,167
train,Alstonia Scholaris,0014_0011.JPG,train\Alstonia Scholaris\0014_0011.JPG,168
train,Alstonia Scholaris,0014_0012.JPG,train\Alstonia Scholaris\0014_0012.JPG,169
train,Alstonia Scholaris,0014_0013.JPG,train\Alstonia Scholaris\0014_0013.JPG,170
train,Alstonia Scholaris,0014_0014.JPG,train\Alstonia Scholaris\0014_0014.JPG,171
train,Alstonia Scholaris,0014_0015.JPG,train\Alstonia Scholaris\0014_0015.JPG,172
train,Alstonia Scholaris,0014_0016.JPG,train\Alstonia Scholaris\0014_0016.JPG,173
train,Alstonia Scholaris,0014_0017.JPG,train\Alstonia Scholaris\0014_0017.JPG,174
train,Alstonia Scholaris,0014_0018.JPG,train\Alstonia Scholaris\0014_0018.JPG,175
train,Alstonia Scholaris,0014_0019.JPG,train\Alstonia Scholaris\0014_0019.JPG,176
train,Alstonia Scholaris,0014_0020.JPG,train\Alstonia Scholaris\0014_0020.JPG,177
train,Alstonia Scholaris,0014_0021.JPG,train\Alstonia Scholaris\0014_0021.JPG,178
train,Alstonia Scholaris,0014_0022.JPG,train\Alstonia Scholaris\0014_0022.JPG,179
train,Alstonia Scholaris,0014_0023.JPG,train\Alstonia Scholaris\0014_0023.JPG,180
train,Alstonia Scholaris,0014_0024.JPG,train\Alstonia Scholaris\0014_0024.JPG,181
train,Alstonia Scholaris,0014_0025.JPG,train\Alstonia Scholaris\0014_0025.JPG,182
train,Alstonia Scholaris,0014_0026.JPG,train\Alstonia Scholaris\0014_0026.JPG,183
train,Alstonia Scholaris,0014_0027.JPG,train\Alstonia Scholaris\0014_0027.JPG,184
train,Alstonia Scholaris,0014_0028.JPG,train\Alstonia Scholaris\0014_0028.JPG,185
train,Alstonia Scholaris,0014_0029.JPG,train\Alstonia Scholaris\0014_0029.JPG,186
train,Alstonia Scholaris,0014_0030.JPG,train\Alstonia Scholaris\0014_0030.JPG,187
train,Alstonia Scholaris,0014_0031.JPG,train\Alstonia Scholaris\0014_0031.JPG,188
train,Alstonia Scholaris,0014_0032.JPG,train\Alstonia Scholaris\0014_0032.JPG,189
train,Alstonia Scholaris,0014_0033.JPG,train\Alstonia Scholaris\0014_0033.JPG,190
train,Alstonia Scholaris,0014_0034.JPG,train\Alstonia Scholaris\0014_0034.JPG,191
train,Alstonia Scholaris,0014_0035.JPG,train\Alstonia Scholaris\0014_0035.JPG,192
train,Alstonia Scholaris,0014_0036.JPG,train\Alstonia Scholaris\0014_0036.JPG,193
train,Alstonia Scholaris,0014_0037.JPG,train\Alstonia Scholaris\0014_0037.JPG,194
train,Alstonia Scholaris,0014_0038.JPG,train\Alstonia Scholaris\0014_0038.JPG,195
train,Alstonia Scholaris,0014_0039.JPG,train\Alstonia Scholaris\0014_0039.JPG,196
train,Alstonia Scholaris,0014_0040.JPG,train\Alstonia Scholaris\0014_0040.JPG,197
train,Alstonia Scholaris,0014_0041.JPG,train\Alstonia Scholaris\0014_0041.JPG,198
train,Alstonia Scholaris,0014_0042.JPG,train\Alstonia Scholaris\0014_0042.JPG,199
train,Alstonia Scholaris,0014_0043.JPG,train\Alstonia Scholaris\0014_0043.JPG,200
train,Alstonia Scholaris,0014_0044.JPG,train\Alstonia Scholaris\0014_0044.JPG,201
train,Alstonia Scholaris,0014_0045.JPG,train\Alstonia Scholaris\0014_0045.JPG,202
train,Alstonia Scholaris,0014_0046.JPG,train\Alstonia Scholaris\0014_0046.JPG,203
train,Alstonia Scholaris,0014_0047.JPG,train\Alstonia Scholaris\0014_0047.JPG,204
train,Alstonia Scholaris,0014_0048.JPG,train\Alstonia Scholaris\0014_0048.JPG,205
train,Alstonia Scholaris,0014_0049.JPG,train\Alstonia Scholaris\0014_0049.JPG,206
train,Alstonia Scholaris,0014_0050.JPG,train\Alstonia Scholaris\0014_0050.JPG,207
train,Alstonia Scholaris,0014_0051.JPG,train\Alstonia Scholaris\0014_0051.JPG,208
train,Alstonia Scholaris,0014_0052.JPG,train\Alstonia Scholaris\0014_0052.JPG,209
train,Alstonia Scholaris,0014_0053.JPG,train\Alstonia Scholaris\0014_0053.JPG,210
train,Alstonia Scholaris,0014_0054.JPG,train\Alstonia Scholaris\0014_0054.JPG,211
train,Alstonia Scholaris,0014_0055.JPG,train\Alstonia Scholaris\0014_0055.JPG,212
train,Alstonia Scholaris,0014_0056.JPG,train\Alstonia Scholaris\0014_0056.JPG,213
train,Alstonia Scholaris,0014_0057.JPG,train\Alstonia Scholaris\0014_0057.JPG,214
train,Alstonia Scholaris,0014_0058.JPG,train\Alstonia Scholaris\0014_0058.JPG,215
train,Alstonia Scholaris,0014_0059.JPG,train\Alstonia Scholaris\0014_0059.JPG,216
train,Alstonia Scholaris,0014_0060.JPG,train\Alstonia Scholaris\0014_0060.JPG,217
train,Alstonia Scholaris,0014_0061.JPG,train\Alstonia Scholaris\0014_0061.JPG,218
train,Alstonia Scholaris,0014_0062.JPG,train\Alstonia Scholaris\0014_0062.JPG,219
train,Alstonia Scholaris,0014_0063.JPG,train\Alstonia Scholaris\0014_0063.JPG,220
train,Alstonia Scholaris,0014_0064.JPG,train\Alstonia Scholaris\0014_0064.JPG,221
train,Alstonia Scholaris,0014_0065.JPG,train\Alstonia Scholaris\0014_0065.JPG,222
train,Alstonia Scholaris,0014_0066.JPG,train\Alstonia Scholaris\0014_0066.JPG,223
train,Alstonia Scholaris,0014_0067.JPG,train\Alstonia Scholaris\0014_0067.JPG,224
train,Alstonia Scholaris,0014_0068.JPG,train\Alstonia Scholaris\0014_0068.JPG,225
train,Alstonia Scholaris,0014_0069.JPG,train\Alstonia Scholaris\0014_0069.JPG,226
train,Alstonia Scholaris,0014_0070.JPG,train\Alstonia Scholaris\0014_0070.JPG,227
train,Alstonia Scholaris,0014_0071.JPG,train\Alstonia Scholaris\0014_0071.JPG,228
train,Alstonia Scholaris,0014_0072.JPG,train\Alstonia Scholaris\0014_0072.JPG,229
train,Alstonia Scholaris,0014_0073.JPG,train\Alstonia Scholaris\0014_0073.JPG,230
train,Alstonia Scholaris,0014_0074.JPG,train\Alstonia Scholaris\0014_0074.JPG,231
train,Alstonia Scholaris,0014_0075.JPG,train\Alstonia Scholaris\0014_0075.JPG,232
train,Alstonia Scholaris,0014_0076.JPG,train\Alstonia Scholaris\0014_0076.JPG,233
train,Alstonia Scholaris,0014_0077.JPG,train\Alstonia Scholaris\0014_0077.JPG,234
train,Alstonia Scholaris,0014_0078.JPG,train\Alstonia Scholaris\0014_0078.JPG,235
train,Alstonia Scholaris,0014_0079.JPG,train\Alstonia Scholaris\0014_0079.JPG,236
train,Alstonia Scholaris,0014_0080.JPG,train\Alstonia Scholaris\0014_0080.JPG,237
train,Alstonia Scholaris,0014_0081.JPG,train\Alstonia Scholaris\0014_0081.JPG,238
train,Alstonia Scholaris,0014_0082.JPG,train\Alstonia Scholaris\0014_0082.JPG,239
train,Alstonia Scholaris,0014_0083.JPG,train\Alstonia Scholaris\0014_0083.JPG,240
train,Alstonia Scholaris,0014_0084.JPG,train\Alstonia Scholaris\0014_0084.JPG,241
train,Alstonia Scholaris,0014_0085.JPG,train\Alstonia Scholaris\0014_0085.JPG,242
train,Alstonia Scholaris,0014_0086.JPG,train\Alstonia Scholaris\0014_0086.JPG,243
train,Alstonia Scholaris,0014_0087.JPG,train\Alstonia Scholaris\0014_0087.JPG,244
train,Alstonia Scholaris,0014_0088.JPG,train\Alstonia Scholaris\0014_0088.JPG,245
train,Alstonia Scholaris,0014_0089.JPG,train\Alstonia Scholaris\0014_0089.JPG,246
train,Alstonia Scholaris,0014_0090.JPG,train\Alstonia Scholaris\0014_0090.JPG,247
train,Alstonia Scholaris,0014_0091.JPG,train\Alstonia Scholaris\0014_0091.JPG,248
train,Alstonia Scholaris,0014_0092.JPG,train\Alstonia Scholaris\0014_0092.JPG,249
train,Alstonia Scholaris,0014_0093.JPG,train\Alstonia Scholaris\0014_0093.JPG,250
train,Alstonia Scholaris,0014_0094.JPG,train\Alstonia Scholaris\0014_0094.JPG,251
train,Alstonia Scholaris,0014_0095.JPG,train\Alstonia Scholaris\0014_0095.JPG,252
train,Alstonia Scholaris,0014_0096.JPG,train\Alstonia Scholaris\0014_0096.JPG,253
train,Alstonia Scholaris,0014_0097.JPG,train\Alstonia Scholaris\0014_0097.JPG,254
train,Alstonia Scholaris,0014_0098.JPG,train\Alstonia Scholaris\0014_0098.JPG,255
train,Alstonia Scholaris,0014_0099.JPG,train\Alstonia Scholaris\0014_0099.JPG,256
train,Alstonia Scholaris,0014_0100.JPG,train\Alstonia Scholaris\0014_0100.JPG,257
train,Alstonia Scholaris,0014_0101.JPG,train\Alstonia Scholaris\0014_0101.JPG,258
train,Alstonia Scholaris,0014_0102.JPG,train\Alstonia Scholaris\0014_0102.JPG,259
train,Alstonia Scholaris,0014_0103.JPG,train\Alstonia Scholaris\0014_0103.JPG,260
train,Alstonia Scholaris,0014_0104.JPG,train\Alstonia Scholaris\0014_0104.JPG,261
train,Alstonia Scholaris,0014_0105.JPG,train\Alstonia Scholaris\0014_0105.JPG,262
train,Alstonia Scholaris,0014_0106.JPG,train\Alstonia Scholaris\0014_0106.JPG,263
train,Alstonia Scholaris,0014_0107.JPG,train\Alstonia Scholaris\0014_0107.JPG,264
train,Alstonia Scholaris,0014_0108.JPG,train\Alstonia Scholaris\0014_0108.JPG,265
train,Alstonia Scholaris,0014_0109.JPG,train\Alstonia Scholaris\0014_0109.JPG,266
train,Alstonia Scholaris,0014_0110.JPG,train\Alstonia Scholaris\0014_0110.JPG,267
train,Alstonia Scholaris,0014_0111.JPG,train\Alstonia Scholaris\0014_0111.JPG,268
train,Alstonia Scholaris,0014_0112.JPG,train\Alstonia Scholaris\0014_0112.JPG,269
train,Alstonia Scholaris,0014_0113.JPG,train\Alstonia Scholaris\0014_0113.JPG,270
train,Alstonia Scholaris,0014_0114.JPG,train\Alstonia Scholaris\0014_0114.JPG,271
train,Alstonia Scholaris,0014_0115.JPG,train\Alstonia Scholaris\0014_0115.JPG,272
train,Alstonia Scholaris,0014_0116.JPG,train\Alstonia Scholaris\0014_0116.JPG,273
train,Alstonia Scholaris,0014_0117.JPG,train\Alstonia Scholaris\0014_0117.JPG,274
train,Alstonia Scholaris,0014_0118.JPG,train\Alstonia Scholaris\0014_0118.JPG,275
train,Alstonia Scholaris,0014_0119.JPG,train\Alstonia Scholaris\0014_0119.JPG,276
train,Alstonia Scholaris,0014_0120.JPG,train\Alstonia Scholaris\0014_0120.JPG,277
train,Alstonia Scholaris,0014_0121.JPG,train\Alstonia Scholaris\0014_0121.JPG,278
train,Alstonia Scholaris,0014_0122.JPG,train\Alstonia Scholaris\0014_0122.JPG,279
train,Alstonia Scholaris,0014_0123.JPG,train\Alstonia Scholaris\0014_0123.JPG,280
train,Alstonia Scholaris,0014_0124.JPG,train\Alstonia Scholaris\0014_0124.JPG,281
train,Alstonia Scholaris,0014_0125.JPG,train\Alstonia Scholaris\0014_0125.JPG,282
train,Alstonia Scholaris,0014_0126.JPG,train\Alstonia Scholaris\0014_0126.JPG,283
train,Alstonia Scholaris,0014_0127.JPG,train\Alstonia Scholaris\0014_0127.JPG,284
train,Alstonia Scholaris,0014_0128.JPG,train\Alstonia Scholaris\0014_0128.JPG,285
train,Alstonia Scholaris,0014_0129.JPG,train\Alstonia Scholaris\0014_0129.JPG,286
train,Alstonia Scholaris,0014_0130.JPG,train\Alstonia Scholaris\0014_0130.JPG,287
train,Alstonia Scholaris,0014_0131.JPG,train\Alstonia Scholaris\0014_0131.JPG,288
train,Alstonia Scholaris,0014_0132.JPG,train\Alstonia Scholaris\0014_0132.JPG,289
train,Alstonia Scholaris,0014_0133.JPG,train\Alstonia Scholaris\0014_0133.JPG,290
train,Alstonia Scholaris,0014_0134.JPG,train\Alstonia Scholaris\0014_0134.JPG,291
train,Alstonia Scholaris,0014_0135.JPG,train\Alstonia Scholaris\0014_0135.JPG,292
train,Alstonia Scholaris,0014_0136.JPG,train\Alstonia Scholaris\0014_0136.JPG,293
train,Alstonia Scholaris,0014_0137.JPG,train\Alstonia Scholaris\0014_0137.JPG,294
train,Alstonia Scholaris,0014_0138.JPG,train\Alstonia Scholaris\0014_0138.JPG,295
train,Alstonia Scholaris,0014_0139.JPG,train\Alstonia Scholaris\0014_0139.JPG,296
train,Alstonia Scholaris,0014_0140.JPG,train\Alstonia Scholaris\0014_0140.JPG,297
train,Alstonia Scholaris,0014_0141.JPG,train\Alstonia Scholaris\0014_0141.JPG,298
train,Alstonia Scholaris,0014_0142.JPG,train\Alstonia Scholaris\0014_0142.JPG,299
train,Alstonia Scholaris,0014_0143.JPG,train\Alstonia Scholaris\0014_0143.JPG,300
train,Alstonia Scholaris,0014_0144.JPG,train\Alstonia Scholaris\0014_0144.JPG,301
train,Alstonia Scholaris,0014_0145.JPG,train\Alstonia Scholaris\0014_0145.JPG,302
train,Alstonia Scholaris,0014_0146.JPG,train\Alstonia Scholaris\0014_0146.JPG,303
train,Alstonia Scholaris,0014_0147.JPG,train\Alstonia Scholaris\0014_0147.JPG,304
train,Alstonia Scholaris,0014_0148.JPG,train\Alstonia Scholaris\0014_0148.JPG,305
train,Alstonia Scholaris,0014_0149.JPG,train\Alstonia Scholaris\0014_0149.JPG,306
train,Alstonia Scholaris,0014_0150.JPG,train\Alstonia Scholaris\0014_0150.JPG,307
train,Alstonia Scholaris,0014_0151.JPG,train\Alstonia Scholaris\0014_0151.JPG,308
train,Alstonia Scholaris,0014_0152.JPG,train\Alstonia Scholaris\0014_0152.JPG,309
train,Alstonia Scholaris,0014_0153.JPG,train\Alstonia Scholaris\0014_0153.JPG,310
train,Alstonia Scholaris,0014_0154.JPG,train\Alstonia Scholaris\0014_0154.JPG,311
train,Alstonia Scholaris,0014_0155.JPG,train\Alstonia Scholaris\0014_0155.JPG,312
train,Alstonia Scholaris,0014_0156.JPG,train\Alstonia Scholaris\0014_0156.JPG,313
train,Alstonia Scholaris,0014_0157.JPG,train\Alstonia Scholaris\0014_0157.JPG,314
train,Alstonia Scholaris,0014_0158.JPG,train\Alstonia Scholaris\0014_0158.JPG,315
train,Alstonia Scholaris,0014_0159.JPG,train\Alstonia Scholaris\0014_0159.JPG,316
train,Alstonia Scholaris,0014_0160.JPG,train\Alstonia Scholaris\0014_0160.JPG,317
train,Alstonia Scholaris,0014_0161.JPG,train\Alstonia Scholaris\0014_0161.JPG,318
train,Alstonia Scholaris,0014_0162.JPG,train\Alstonia Scholaris\0014_0162.JPG,319
train,Alstonia Scholaris,0014_0163.JPG,train\Alstonia Scholaris\0014_0163.JPG,320
train,Alstonia Scholaris,0014_0164.JPG,train\Alstonia Scholaris\0014_0164.JPG,321
train,Alstonia Scholaris,0014_0165.JPG,train\Alstonia Scholaris\0014_0165.JPG,322
train,Alstonia Scholaris,0014_0166.JPG,train\Alstonia Scholaris\0014_0166.JPG,323
train,Alstonia Scholaris,0014_0167.JPG,train\Alstonia Scholaris\0014_0167.JPG,324
train,Alstonia Scholaris,0014_0168.JPG,train\Alstonia Scholaris\0014_0168.JPG,325
train,Alstonia Scholaris,0014_0169.JPG,train\Alstonia Scholaris\0014_0169.JPG,326
train,Alstonia Scholaris,0014_0170.JPG,train\Alstonia Scholaris\0014_0170.JPG,327
train,Alstonia Scholaris,0014_0171.JPG,train\Alstonia Scholaris\0014_0171.JPG,328
train,Alstonia Scholaris,0014_0172.JPG,train\Alstonia Scholaris\0014_0172.JPG,329
train,Alstonia Scholaris,0014_0173.JPG,train\Alstonia Scholaris\0014_0173.JPG,330
train,Alstonia Scholaris,0014_0174.JPG,train\Alstonia Scholaris\0014_0174.JPG,331
train,Alstonia Scholaris,0014_0175.JPG,train\Alstonia Scholaris\0014_0175.JPG,332
train,Alstonia Scholaris,0014_0176.JPG,train\Alstonia Scholaris\0014_0176.JPG,333
train,Alstonia Scholaris,0014_0177.JPG,train\Alstonia Scholaris\0014_0177.JPG,334
train,Alstonia Scholaris,0014_0178.JPG,train\Alstonia Scholaris\0014_0178.JPG,335
train,Alstonia Scholaris,0014_0179.JPG,train\Alstonia Scholaris\0014_0179.JPG,336
train,Alstonia Scholaris,0014_0180.JPG,train\Alstonia Scholaris\0014_0180.JPG,337
train,Alstonia Scholaris,0014_0181.JPG,train\Alstonia Scholaris\0014_0181.JPG,338
train,Alstonia Scholaris,0014_0182.JPG,train\Alstonia Scholaris\0014_0182.JPG,339
train,Alstonia Scholaris,0014_0183.JPG,train\Alstonia Scholaris\0014_0183.JPG,340
train,Alstonia Scholaris,0014_0184.JPG,train\Alstonia Scholaris\0014_0184.JPG,341
train,Alstonia Scholaris,0014_0185.JPG,train\Alstonia Scholaris\0014_0185.JPG,342
train,Alstonia Scholaris,0014_0186.JPG,train\Alstonia Scholaris\0014_0186.JPG,343
train,Alstonia Scholaris,0014_0187.JPG,train\Alstonia Scholaris\0014_0187.JPG,344
train,Alstonia Scholaris,0014_0188.JPG,train\Alstonia Scholaris\0014_0188.JPG,345
train,Alstonia Scholaris,0014_0189.JPG,train\Alstonia Scholaris\0014_0189.JPG,346
train,Alstonia Scholaris,0014_0190.JPG,train\Alstonia Scholaris\0014_0190.JPG,347
train,Alstonia Scholaris,0014_0191.JPG,train\Alstonia Scholaris\0014_0191.JPG,348
train,Alstonia Scholaris,0014_0192.JPG,train\Alstonia Scholaris\0014_0192.JPG,349
train,Alstonia Scholaris,0014_0193.JPG,train\Alstonia Scholaris\0014_0193.JPG,350
train,Alstonia Scholaris,0014_0194.JPG,train\Alstonia Scholaris\0014_0194.JPG,351
train,Alstonia Scholaris,0014_0195.JPG,train\Alstonia Scholaris\0014_0195.JPG,352
train,Alstonia Scholaris,0014_0196.JPG,train\Alstonia Scholaris\0014_0196.JPG,353
train,Alstonia Scholaris,0014_0197.JPG,train\Alstonia Scholaris\0014_0197.JPG,354
train,Alstonia Scholaris,0014_0198.JPG,train\Alstonia Scholaris\0014_0198.JPG,355
train,Alstonia Scholaris,0014_0199.JPG,train\Alstonia Scholaris\0014_0199.JPG,356
train,Alstonia Scholaris,0014_0200.JPG,train\Alstonia Scholaris\0014_0200.JPG,357
train,Alstonia Scholaris,0014_0201.JPG,train\Alstonia Scholaris\0014_0201.JPG,358
train,Alstonia Scholaris,0014_0202.JPG,train\Alstonia Scholaris\0014_0202.JPG,359
train,Alstonia Scholaris,0014_0203.JPG,train\Alstonia Scholaris\0014_0203.JPG,360
train,Alstonia Scholaris,0014_0204.JPG,train\Alstonia Scholaris\0014_0204.JPG,361
train,Alstonia Scholaris,0014_0205.JPG,train\Alstonia Scholaris\0014_0205.JPG,362
train,Alstonia Scholaris,0014_0206.JPG,train\Alstonia Scholaris\0014_0206.JPG,363
train,Alstonia Scholaris,0014_0207.JPG,train\Alstonia Scholaris\0014_0207.JPG,364
train,Alstonia Scholaris,0014_0208.JPG,train\Alstonia Scholaris\0014_0208.JPG,365
train,Alstonia Scholaris,0014_0209.JPG,train\Alstonia Scholaris\0014_0209.JPG,366
train,Alstonia Scholaris,0014_0210.JPG,train\Alstonia Scholaris\0014_0210.JPG,367
train,Alstonia Scholaris,0014_0211.JPG,train\Alstonia Scholaris\0014_0211.JPG,368
train,Alstonia Scholaris,0014_0212.JPG,train\Alstonia Scholaris\0014_0212.JPG,369
train,Alstonia Scholaris,0014_0213.JPG,train\Alstonia Scholaris\0014_0213.JPG,370
train,Alstonia Scholaris,0014_0214.JPG,train\Alstonia Scholaris\0014_0214.JPG,371
train,Alstonia Scholaris,0014_0215.JPG,train\Alstonia Scholaris\0014_0215.JPG,372
train,Alstonia Scholaris,0014_0216.JPG,train\Alstonia Scholaris\0014_0216.JPG,373
train,Alstonia Scholaris,0014_0217.JPG,train\Alstonia Scholaris\0014_0217.JPG,374
train,Alstonia Scholaris,0014_0218.JPG,train\Alstonia Scholaris\0014_0218.JPG,375
train,Alstonia Scholaris,0014_0219.JPG,train\Alstonia Scholaris\0014_0219.JPG,376
train,Alstonia Scholaris,0014_0220.JPG,train\Alstonia Scholaris\0014_0220.JPG,377
train,Alstonia Scholaris,0014_0221.JPG,train\Alstonia Scholaris\0014_0221.JPG,378
train,Alstonia Scholaris,0014_0222.JPG,train\Alstonia Scholaris\0014_0222.JPG,379
train,Alstonia Scholaris,0014_0223.JPG,train\Alstonia Scholaris\0014_0223.JPG,380
train,Alstonia Scholaris,0014_0224.JPG,train\Alstonia Scholaris\0014_0224.JPG,381
train,Alstonia Scholaris,0014_0225.JPG,train\Alstonia Scholaris\0014_0225.JPG,382
train,Alstonia Scholaris,0014_0226.JPG,train\Alstonia Scholaris\0014_0226.JPG,383
train,Alstonia Scholaris,0014_0227.JPG,train\Alstonia Scholaris\0014_0227.JPG,384
train,Alstonia Scholaris,0014_0228.JPG,train\Alstonia Scholaris\0014_0228.JPG,385
train,Alstonia Scholaris,0014_0229.JPG,train\Alstonia Scholaris\0014_0229.JPG,386
train,Alstonia Scholaris,0014_0230.JPG,train\Alstonia Scholaris\0014_0230.JPG,387
train,Alstonia Scholaris,0014_0231.JPG,train\Alstonia Scholaris\0014_0231.JPG,388
train,Alstonia Scholaris,0014_0232.JPG,train\Alstonia Scholaris\0014_0232.JPG,389
train,Alstonia Scholaris,0014_0233.JPG,train\Alstonia Scholaris\0014_0233.JPG,390
train,Alstonia Scholaris,0014_0234.JPG,train\Alstonia Scholaris\0014_0234.JPG,391
train,Alstonia Scholaris,0014_0235.JPG,train\Alstonia Scholaris\0014_0235.JPG,392
train,Alstonia Scholaris,0014_0236.JPG,train\Alstonia Scholaris\0014_0236.JPG,393
train,Alstonia Scholaris,0014_0237.JPG,train\Alstonia Scholaris\0014_0237.JPG,394
train,Alstonia Scholaris,0014_0238.JPG,train\Alstonia Scholaris\0014_0238.JPG,395
train,Alstonia Scholaris,0014_0239.JPG,train\Alstonia Scholaris\0014_0239.JPG,396
train,Alstonia Scholaris,0014_0240.JPG,train\Alstonia Scholaris\0014_0240.JPG,397
train,Alstonia Scholaris,0014_0241.JPG,train\Alstonia Scholaris\0014_0241.JPG,398
train,Alstonia Scholaris,0014_0242.JPG,train\Alstonia Scholaris\0014_0242.JPG,399
train,Alstonia Scholaris,0014_0243.JPG,train\Alstonia Scholaris\0014_0243.JPG,400
train,Alstonia Scholaris,0014_0244.JPG,train\Alstonia Scholaris\0014_0244.JPG,401
train,Alstonia Scholaris,0014_0245.JPG,train\Alstonia Scholaris\0014_0245.JPG,402
train,Alstonia Scholaris,0014_0246.JPG,train\Alstonia Scholaris\0014_0246.JPG,403
train,Alstonia Scholaris,0014_0247.JPG,train\Alstonia Scholaris\0014_0247.JPG,404
train,Alstonia Scholaris,0014_0248.JPG,train\Alstonia Scholaris\0014_0248.JPG,405
train,Alstonia Scholaris,0014_0249.JPG,train\Alstonia Scholaris\0014_0249.JPG,406
train,Alstonia Scholaris,0014_0250.JPG,train\Alstonia Scholaris\0014_0250.JPG,407
train,Alstonia Scholaris,0014_0251.JPG,train\Alstonia Scholaris\0014_0251.JPG,408
train,Alstonia Scholaris,0014_0252.JPG,train\Alstonia Scholaris\0014_0252.JPG,409
train,Alstonia Scholaris,0014_0253.JPG,train\Alstonia Scholaris\0014_0253.JPG,410
train,Alstonia Scholaris,0014_0254.JPG,train\Alstonia Scholaris\0014_0254.JPG,411
train,Arjun,0002_0011.JPG,train\Arjun\0002_0011.JPG,412
train,Arjun,0002_0012.JPG,train\Arjun\0002_0012.JPG,413
train,Arjun,0002_0013.JPG,train\Arjun\0002_0013.JPG,414
train,Arjun,0002_0014.JPG,train\Arjun\0002_0014.JPG,415
train,Arjun,0002_0015.JPG,train\Arjun\0002_0015.JPG,416
train,Arjun,0002_0016.JPG,train\Arjun\0002_0016.JPG,417
train,Arjun,0002_0017.JPG,train\Arjun\0002_0017.JPG,418
train,Arjun,0002_0018.JPG,train\Arjun\0002_0018.JPG,419
train,Arjun,0002_0019.JPG,train\Arjun\0002_0019.JPG,420
train,Arjun,0002_0020.JPG,train\Arjun\0002_0020.JPG,421
train,Arjun,0002_0021.JPG,train\Arjun\0002_0021.JPG,422
train,Arjun,0002_0022.JPG,train\Arjun\0002_0022.JPG,423
train,Arjun,0002_0023.JPG,train\Arjun\0002_0023.JPG,424
train,Arjun,0002_0024.JPG,train\Arjun\0002_0024.JPG,425
train,Arjun,0002_0025.JPG,train\Arjun\0002_0025.JPG,426
train,Arjun,0002_0026.JPG,train\Arjun\0002_0026.JPG,427
train,Arjun,0002_0027.JPG,train\Arjun\0002_0027.JPG,428
train,Arjun,0002_0028.JPG,train\Arjun\0002_0028.JPG,429
train,Arjun,0002_0029.JPG,train\Arjun\0002_0029.JPG,430
train,Arjun,0002_0030.JPG,train\Arjun\0002_0030.JPG,431
train,Arjun,0002_0031.JPG,train\Arjun\0002_0031.JPG,432
train,Arjun,0002_0032.JPG,train\Arjun\0002_0032.JPG,433
train,Arjun,0002_0033.JPG,train\Arjun\0002_0033.JPG,434
train,Arjun,0002_0034.JPG,train\Arjun\0002_0034.JPG,435
train,Arjun,0002_0035.JPG,train\Arjun\0002_0035.JPG,436
train,Arjun,0002_0036.JPG,train\Arjun\0002_0036.JPG,437
train,Arjun,0002_0037.JPG,train\Arjun\0002_0037.JPG,438
train,Arjun,0002_0038.JPG,train\Arjun\0002_0038.JPG,439
train,Arjun,0002_0039.JPG,train\Arjun\0002_0039.JPG,440
train,Arjun,0002_0040.JPG,train\Arjun\0002_0040.JPG,441
train,Arjun,0002_0041.JPG,train\Arjun\0002_0041.JPG,442
train,Arjun,0002_0042.JPG,train\Arjun\0002_0042.JPG,443
train,Arjun,0002_0043.JPG,train\Arjun\0002_0043.JPG,444
train,Arjun,0002_0044.JPG,train\Arjun\0002_0044.JPG,445
train,Arjun,0002_0045.JPG,train\Arjun\0002_0045.JPG,446
train,Arjun,0002_0046.JPG,train\Arjun\0002_0046.JPG,447
train,Arjun,0002_0047.JPG,train\Arjun\0002_0047.JPG,448
train,Arjun,0002_0048.JPG,train\Arjun\0002_0048.JPG,449
train,Arjun,0002_0049.JPG,train\Arjun\0002_0049.JPG,450
train,Arjun,0002_0050.JPG,train\Arjun\0002_0050.JPG,451
train,Arjun,0002_0051.JPG,train\Arjun\0002_0051.JPG,452
train,Arjun,0002_0052.JPG,train\Arjun\0002_0052.JPG,453
train,Arjun,0002_0053.JPG,train\Arjun\0002_0053.JPG,454
train,Arjun,0002_0054.JPG,train\Arjun\0002_0054.JPG,455
train,Arjun,0002_0055.JPG,train\Arjun\0002_0055.JPG,456
train,Arjun,0002_0056.JPG,train\Arjun\0002_0056.JPG,457
train,Arjun,0002_0057.JPG,train\Arjun\0002_0057.JPG,458
train,Arjun,0002_0058.JPG,train\Arjun\0002_0058.JPG,459
train,Arjun,0002_0059.JPG,train\Arjun\0002_0059.JPG,460
train,Arjun,0002_0060.JPG,train\Arjun\0002_0060.JPG,461
train,Arjun,0002_0061.JPG,train\Arjun\0002_0061.JPG,462
train,Arjun,0002_0062.JPG,train\Arjun\0002_0062.JPG,463
train,Arjun,0002_0063.JPG,train\Arjun\0002_0063.JPG,464
train,Arjun,0002_0064.JPG,train\Arjun\0002_0064.JPG,465
train,Arjun,0002_0065.JPG,train\Arjun\0002_0065.JPG,466
train,Arjun,0002_0066.JPG,train\Arjun\0002_0066.JPG,467
train,Arjun,0002_0067.JPG,train\Arjun\0002_0067.JPG,468
train,Arjun,0002_0068.JPG,train\Arjun\0002_0068.JPG,469
train,Arjun,0002_0069.JPG,train\Arjun\0002_0069.JPG,470
train,Arjun,0002_0070.JPG,train\Arjun\0002_0070.JPG,471
train,Arjun,0002_0071.JPG,train\Arjun\0002_0071.JPG,472
train,Arjun,0002_0072.JPG,train\Arjun\0002_0072.JPG,473
train,Arjun,0002_0073.JPG,train\Arjun\0002_0073.JPG,474
train,Arjun,0002_0074.JPG,train\Arjun\0002_0074.JPG,475
train,Arjun,0002_0075.JPG,train\Arjun\0002_0075.JPG,476
train,Arjun,0002_0076.JPG,train\Arjun\0002_0076.JPG,477
train,Arjun,0002_0077.JPG,train\Arjun\0002_0077.JPG,478
train,Arjun,0002_0078.JPG,train\Arjun\0002_0078.JPG,479
train,Arjun,0002_0079.JPG,train\Arjun\0002_0079.JPG,480
train,Arjun,0002_0080.JPG,train\Arjun\0002_0080.JPG,481
train,Arjun,0002_0081.JPG,train\Arjun\0002_0081.JPG,482
train,Arjun,0002_0082.JPG,train\Arjun\0002_0082.JPG,483
train,Arjun,0002_0083.JPG,train\Arjun\0002_0083.JPG,484
train,Arjun,0002_0084.JPG,train\Arjun\0002_0084.JPG,485
train,Arjun,0002_0085.JPG,train\Arjun\0002_0085.JPG,486
train,Arjun,0002_0086.JPG,train\Arjun\0002_0086.JPG,487
train,Arjun,0002_0087.JPG,train\Arjun\0002_0087.JPG,488
train,Arjun,0002_0088.JPG,train\Arjun\0002_0088.JPG,489
train,Arjun,0002_0089.JPG,train\Arjun\0002_0089.JPG,490
train,Arjun,0002_0090.JPG,train\Arjun\0002_0090.JPG,491
train,Arjun,0002_0091.JPG,train\Arjun\0002_0091.JPG,492
train,Arjun,0002_0092.JPG,train\Arjun\0002_0092.JPG,493
train,Arjun,0002_0093.JPG,train\Arjun\0002_0093.JPG,494
train,Arjun,0002_0094.JPG,train\Arjun\0002_0094.JPG,495
train,Arjun,0002_0095.JPG,train\Arjun\0002_0095.JPG,496
train,Arjun,0002_0096.JPG,train\Arjun\0002_0096.JPG,497
train,Arjun,0002_0097.JPG,train\Arjun\0002_0097.JPG,498
train,Arjun,0002_0098.JPG,train\Arjun\0002_0098.JPG,499
train,Arjun,0002_0099.JPG,train\Arjun\0002_0099.JPG,500
train,Arjun,0002_0100.JPG,train\Arjun\0002_0100.JPG,501
train,Arjun,0002_0101.JPG,train\Arjun\0002_0101.JPG,502
train,Arjun,0002_0102.JPG,train\Arjun\0002_0102.JPG,503
train,Arjun,0002_0103.JPG,train\Arjun\0002_0103.JPG,504
train,Arjun,0002_0104.JPG,train\Arjun\0002_0104.JPG,505
train,Arjun,0002_0105.JPG,train\Arjun\0002_0105.JPG,506
train,Arjun,0002_0106.JPG,train\Arjun\0002_0106.JPG,507
train,Arjun,0002_0107.JPG,train\Arjun\0002_0107.JPG,508
train,Arjun,0002_0108.JPG,train\Arjun\0002_0108.JPG,509
train,Arjun,0002_0109.JPG,train\Arjun\0002_0109.JPG,510
train,Arjun,0002_0110.JPG,train\Arjun\0002_0110.JPG,511
train,Arjun,0002_0111.JPG,train\Arjun\0002_0111.JPG,512
train,Arjun,0002_0112.JPG,train\Arjun\0002_0112.JPG,513
train,Arjun,0002_0113.JPG,train\Arjun\0002_0113.JPG,514
train,Arjun,0002_0114.JPG,train\Arjun\0002_0114.JPG,515
train,Arjun,0002_0115.JPG,train\Arjun\0002_0115.JPG,516
train,Arjun,0002_0116.JPG,train\Arjun\0002_0116.JPG,517
train,Arjun,0002_0117.JPG,train\Arjun\0002_0117.JPG,518
train,Arjun,0002_0118.JPG,train\Arjun\0002_0118.JPG,519
train,Arjun,0002_0119.JPG,train\Arjun\0002_0119.JPG,520
train,Arjun,0002_0120.JPG,train\Arjun\0002_0120.JPG,521
train,Arjun,0002_0121.JPG,train\Arjun\0002_0121.JPG,522
train,Arjun,0002_0122.JPG,train\Arjun\0002_0122.JPG,523
train,Arjun,0002_0123.JPG,train\Arjun\0002_0123.JPG,524
train,Arjun,0002_0124.JPG,train\Arjun\0002_0124.JPG,525
train,Arjun,0002_0125.JPG,train\Arjun\0002_0125.JPG,526
train,Arjun,0002_0126.JPG,train\Arjun\0002_0126.JPG,527
train,Arjun,0002_0127.JPG,train\Arjun\0002_0127.JPG,528
train,Arjun,0002_0128.JPG,train\Arjun\0002_0128.JPG,529
train,Arjun,0002_0129.JPG,train\Arjun\0002_0129.JPG,530
train,Arjun,0002_0130.JPG,train\Arjun\0002_0130.JPG,531
train,Arjun,0002_0131.JPG,train\Arjun\0002_0131.JPG,532
train,Arjun,0002_0132.JPG,train\Arjun\0002_0132.JPG,533
train,Arjun,0002_0133.JPG,train\Arjun\0002_0133.JPG,534
train,Arjun,0002_0134.JPG,train\Arjun\0002_0134.JPG,535
train,Arjun,0002_0135.JPG,train\Arjun\0002_0135.JPG,536
train,Arjun,0002_0136.JPG,train\Arjun\0002_0136.JPG,537
train,Arjun,0002_0137.JPG,train\Arjun\0002_0137.JPG,538
train,Arjun,0002_0138.JPG,train\Arjun\0002_0138.JPG,539
train,Arjun,0002_0139.JPG,train\Arjun\0002_0139.JPG,540
train,Arjun,0002_0140.JPG,train\Arjun\0002_0140.JPG,541
train,Arjun,0002_0141.JPG,train\Arjun\0002_0141.JPG,542
train,Arjun,0002_0142.JPG,train\Arjun\0002_0142.JPG,543
train,Arjun,0002_0143.JPG,train\Arjun\0002_0143.JPG,544
train,Arjun,0002_0144.JPG,train\Arjun\0002_0144.JPG,545
train,Arjun,0002_0145.JPG,train\Arjun\0002_0145.JPG,546
train,Arjun,0002_0146.JPG,train\Arjun\0002_0146.JPG,547
train,Arjun,0002_0147.JPG,train\Arjun\0002_0147.JPG,548
train,Arjun,0002_0148.JPG,train\Arjun\0002_0148.JPG,549
train,Arjun,0002_0149.JPG,train\Arjun\0002_0149.JPG,550
train,Arjun,0002_0150.JPG,train\Arjun\0002_0150.JPG,551
train,Arjun,0002_0151.JPG,train\Arjun\0002_0151.JPG,552
train,Arjun,0002_0152.JPG,train\Arjun\0002_0152.JPG,553
train,Arjun,0002_0153.JPG,train\Arjun\0002_0153.JPG,554
train,Arjun,0002_0154.JPG,train\Arjun\0002_0154.JPG,555
train,Arjun,0002_0155.JPG,train\Arjun\0002_0155.JPG,556
train,Arjun,0002_0156.JPG,train\Arjun\0002_0156.JPG,557
train,Arjun,0002_0157.JPG,train\Arjun\0002_0157.JPG,558
train,Arjun,0002_0158.JPG,train\Arjun\0002_0158.JPG,559
train,Arjun,0002_0159.JPG,train\Arjun\0002_0159.JPG,560
train,Arjun,0002_0160.JPG,train\Arjun\0002_0160.JPG,561
train,Arjun,0002_0161.JPG,train\Arjun\0002_0161.JPG,562
train,Arjun,0002_0162.JPG,train\Arjun\0002_0162.JPG,563
train,Arjun,0002_0163.JPG,train\Arjun\0002_0163.JPG,564
train,Arjun,0002_0164.JPG,train\Arjun\0002_0164.JPG,565
train,Arjun,0002_0165.JPG,train\Arjun\0002_0165.JPG,566
train,Arjun,0002_0166.JPG,train\Arjun\0002_0166.JPG,567
train,Arjun,0002_0167.JPG,train\Arjun\0002_0167.JPG,568
train,Arjun,0002_0168.JPG,train\Arjun\0002_0168.JPG,569
train,Arjun,0002_0169.JPG,train\Arjun\0002_0169.JPG,570
train,Arjun,0002_0170.JPG,train\Arjun\0002_0170.JPG,571
train,Arjun,0002_0171.JPG,train\Arjun\0002_0171.JPG,572
train,Arjun,0002_0172.JPG,train\Arjun\0002_0172.JPG,573
train,Arjun,0002_0173.JPG,train\Arjun\0002_0173.JPG,574
train,Arjun,0002_0174.JPG,train\Arjun\0002_0174.JPG,575
train,Arjun,0002_0175.JPG,train\Arjun\0002_0175.JPG,576
train,Arjun,0002_0176.JPG,train\Arjun\0002_0176.JPG,577
train,Arjun,0002_0177.JPG,train\Arjun\0002_0177.JPG,578
train,Arjun,0002_0178.JPG,train\Arjun\0002_0178.JPG,579
train,Arjun,0002_0179.JPG,train\Arjun\0002_0179.JPG,580
train,Arjun,0002_0180.JPG,train\Arjun\0002_0180.JPG,581
train,Arjun,0002_0181.JPG,train\Arjun\0002_0181.JPG,582
train,Arjun,0002_0182.JPG,train\Arjun\0002_0182.JPG,583
train,Arjun,0002_0183.JPG,train\Arjun\0002_0183.JPG,584
train,Arjun,0002_0184.JPG,train\Arjun\0002_0184.JPG,585
train,Arjun,0002_0185.JPG,train\Arjun\0002_0185.JPG,586
train,Arjun,0002_0186.JPG,train\Arjun\0002_0186.JPG,587
train,Arjun,0002_0187.JPG,train\Arjun\0002_0187.JPG,588
train,Arjun,0002_0188.JPG,train\Arjun\0002_0188.JPG,589
train,Arjun,0002_0189.JPG,train\Arjun\0002_0189.JPG,590
train,Arjun,0002_0190.JPG,train\Arjun\0002_0190.JPG,591
train,Arjun,0002_0191.JPG,train\Arjun\0002_0191.JPG,592
train,Arjun,0002_0192.JPG,train\Arjun\0002_0192.JPG,593
train,Arjun,0002_0193.JPG,train\Arjun\0002_0193.JPG,594
train,Arjun,0002_0194.JPG,train\Arjun\0002_0194.JPG,595
train,Arjun,0002_0195.JPG,train\Arjun\0002_0195.JPG,596
train,Arjun,0002_0196.JPG,train\Arjun\0002_0196.JPG,597
train,Arjun,0002_0197.JPG,train\Arjun\0002_0197.JPG,598
train,Arjun,0002_0198.JPG,train\Arjun\0002_0198.JPG,599
train,Arjun,0002_0199.JPG,train\Arjun\0002_0199.JPG,600
train,Arjun,0002_0200.JPG,train\Arjun\0002_0200.JPG,601
train,Arjun,0002_0201.JPG,train\Arjun\0002_0201.JPG,602
train,Arjun,0002_0202.JPG,train\Arjun\0002_0202.JPG,603
train,Arjun,0002_0203.JPG,train\Arjun\0002_0203.JPG,604
train,Arjun,0002_0204.JPG,train\Arjun\0002_0204.JPG,605
train,Arjun,0002_0205.JPG,train\Arjun\0002_0205.JPG,606
train,Arjun,0002_0206.JPG,train\Arjun\0002_0206.JPG,607
train,Arjun,0002_0207.JPG,train\Arjun\0002_0207.JPG,608
train,Arjun,0002_0208.JPG,train\Arjun\0002_0208.JPG,609
train,Arjun,0002_0209.JPG,train\Arjun\0002_0209.JPG,610
train,Arjun,0002_0210.JPG,train\Arjun\0002_0210.JPG,611
train,Arjun,0002_0211.JPG,train\Arjun\0002_0211.JPG,612
train,Arjun,0002_0212.JPG,train\Arjun\0002_0212.JPG,613
train,Arjun,0002_0213.JPG,train\Arjun\0002_0213.JPG,614
train,Arjun,0002_0214.JPG,train\Arjun\0002_0214.JPG,615
train,Arjun,0002_0215.JPG,train\Arjun\0002_0215.JPG,616
train,Arjun,0002_0216.JPG,train\Arjun\0002_0216.JPG,617
train,Arjun,0002_0217.JPG,train\Arjun\0002_0217.JPG,618
train,Arjun,0002_0218.JPG,train\Arjun\0002_0218.JPG,619
train,Arjun,0002_0219.JPG,train\Arjun\0002_0219.JPG,620
train,Arjun,0002_0220.JPG,train\Arjun\0002_0220.JPG,621
train,Arjun,0013_0011.JPG,train\Arjun\0013_0011.JPG,622
train,Arjun,0013_0012.JPG,train\Arjun\0013_0012.JPG,623
train,Arjun,0013_0013.JPG,train\Arjun\0013_0013.JPG,624
train,Arjun,0013_0014.JPG,train\Arjun\0013_0014.JPG,625
train,Arjun,0013_0015.JPG,train\Arjun\0013_0015.JPG,626
train,Arjun,0013_0016.JPG,train\Arjun\0013_0016.JPG,627
train,Arjun,0013_0017.JPG,train\Arjun\0013_0017.JPG,628
train,Arjun,0013_0018.JPG,train\Arjun\0013_0018.JPG,629
train,Arjun,0013_0019.JPG,train\Arjun\0013_0019.JPG,630
train,Arjun,0013_0020.JPG,train\Arjun\0013_0020.JPG,631
train,Arjun,0013_0021.JPG,train\Arjun\0013_0021.JPG,632
train,Arjun,0013_0022.JPG,train\Arjun\0013_0022.JPG,633
train,Arjun,0013_0023.JPG,train\Arjun\0013_0023.JPG,634
train,Arjun,0013_0024.JPG,train\Arjun\0013_0024.JPG,635
train,Arjun,0013_0025.JPG,train\Arjun\0013_0025.JPG,636
train,Arjun,0013_0026.JPG,train\Arjun\0013_0026.JPG,637
train,Arjun,0013_0027.JPG,train\Arjun\0013_0027.JPG,638
train,Arjun,0013_0028.JPG,train\Arjun\0013_0028.JPG,639
train,Arjun,0013_0029.JPG,train\Arjun\0013_0029.JPG,640
train,Arjun,0013_0030.JPG,train\Arjun\0013_0030.JPG,641
train,Arjun,0013_0031.JPG,train\Arjun\0013_0031.JPG,642
train,Arjun,0013_0032.JPG,train\Arjun\0013_0032.JPG,643
train,Arjun,0013_0033.JPG,train\Arjun\0013_0033.JPG,644
train,Arjun,0013_0034.JPG,train\Arjun\0013_0034.JPG,645
train,Arjun,0013_0035.JPG,train\Arjun\0013_0035.JPG,646
train,Arjun,0013_0036.JPG,train\Arjun\0013_0036.JPG,647
train,Arjun,0013_0037.JPG,train\Arjun\0013_0037.JPG,648
train,Arjun,0013_0038.JPG,train\Arjun\0013_0038.JPG,649
train,Arjun,0013_0039.JPG,train\Arjun\0013_0039.JPG,650
train,Arjun,0013_0040.JPG,train\Arjun\0013_0040.JPG,651
train,Arjun,0013_0041.JPG,train\Arjun\0013_0041.JPG,652
train,Arjun,0013_0042.JPG,train\Arjun\0013_0042.JPG,653
train,Arjun,0013_0043.JPG,train\Arjun\0013_0043.JPG,654
train,Arjun,0013_0044.JPG,train\Arjun\0013_0044.JPG,655
train,Arjun,0013_0045.JPG,train\Arjun\0013_0045.JPG,656
train,Arjun,0013_0046.JPG,train\Arjun\0013_0046.JPG,657
train,Arjun,0013_0047.JPG,train\Arjun\0013_0047.JPG,658
train,Arjun,0013_0048.JPG,train\Arjun\0013_0048.JPG,659
train,Arjun,0013_0049.JPG,train\Arjun\0013_0049.JPG,660
train,Arjun,0013_0050.JPG,train\Arjun\0013_0050.JPG,661
train,Arjun,0013_0051.JPG,train\Arjun\0013_0051.JPG,662
train,Arjun,0013_0052.JPG,train\Arjun\0013_0052.JPG,663
train,Arjun,0013_0053.JPG,train\Arjun\0013_0053.JPG,664
train,Arjun,0013_0054.JPG,train\Arjun\0013_0054.JPG,665
train,Arjun,0013_0055.JPG,train\Arjun\0013_0055.JPG,666
train,Arjun,0013_0056.JPG,train\Arjun\0013_0056.JPG,667
train,Arjun,0013_0057.JPG,train\Arjun\0013_0057.JPG,668
train,Arjun,0013_0058.JPG,train\Arjun\0013_0058.JPG,669
train,Arjun,0013_0059.JPG,train\Arjun\0013_0059.JPG,670
train,Arjun,0013_0060.JPG,train\Arjun\0013_0060.JPG,671
train,Arjun,0013_0061.JPG,train\Arjun\0013_0061.JPG,672
train,Arjun,0013_0062.JPG,train\Arjun\0013_0062.JPG,673
train,Arjun,0013_0063.JPG,train\Arjun\0013_0063.JPG,674
train,Arjun,0013_0064.JPG,train\Arjun\0013_0064.JPG,675
train,Arjun,0013_0065.JPG,train\Arjun\0013_0065.JPG,676
train,Arjun,0013_0066.JPG,train\Arjun\0013_0066.JPG,677
train,Arjun,0013_0067.JPG,train\Arjun\0013_0067.JPG,678
train,Arjun,0013_0068.JPG,train\Arjun\0013_0068.JPG,679
train,Arjun,0013_0069.JPG,train\Arjun\0013_0069.JPG,680
train,Arjun,0013_0070.JPG,train\Arjun\0013_0070.JPG,681
train,Arjun,0013_0071.JPG,train\Arjun\0013_0071.JPG,682
train,Arjun,0013_0072.JPG,train\Arjun\0013_0072.JPG,683
train,Arjun,0013_0073.JPG,train\Arjun\0013_0073.JPG,684
train,Arjun,0013_0074.JPG,train\Arjun\0013_0074.JPG,685
train,Arjun,0013_0075.JPG,train\Arjun\0013_0075.JPG,686
train,Arjun,0013_0076.JPG,train\Arjun\0013_0076.JPG,687
train,Arjun,0013_0077.JPG,train\Arjun\0013_0077.JPG,688
train,Arjun,0013_0078.JPG,train\Arjun\0013_0078.JPG,689
train,Arjun,0013_0079.JPG,train\Arjun\0013_0079.JPG,690
train,Arjun,0013_0080.JPG,train\Arjun\0013_0080.JPG,691
train,Arjun,0013_0081.JPG,train\Arjun\0013_0081.JPG,692
train,Arjun,0013_0082.JPG,train\Arjun\0013_0082.JPG,693
train,Arjun,0013_0083.JPG,train\Arjun\0013_0083.JPG,694
train,Arjun,0013_0084.JPG,train\Arjun\0013_0084.JPG,695
train,Arjun,0013_0085.JPG,train\Arjun\0013_0085.JPG,696
train,Arjun,0013_0086.JPG,train\Arjun\0013_0086.JPG,697
train,Arjun,0013_0087.JPG,train\Arjun\0013_0087.JPG,698
train,Arjun,0013_0088.JPG,train\Arjun\0013_0088.JPG,699
train,Arjun,0013_0089.JPG,train\Arjun\0013_0089.JPG,700
train,Arjun,0013_0090.JPG,train\Arjun\0013_0090.JPG,701
train,Arjun,0013_0091.JPG,train\Arjun\0013_0091.JPG,702
train,Arjun,0013_0092.JPG,train\Arjun\0013_0092.JPG,703
train,Arjun,0013_0093.JPG,train\Arjun\0013_0093.JPG,704
train,Arjun,0013_0094.JPG,train\Arjun\0013_0094.JPG,705
train,Arjun,0013_0095.JPG,train\Arjun\0013_0095.JPG,706
train,Arjun,0013_0096.JPG,train\Arjun\0013_0096.JPG,707
train,Arjun,0013_0097.JPG,train\Arjun\0013_0097.JPG,708
train,Arjun,0013_0098.JPG,train\Arjun\0013_0098.JPG,709
train,Arjun,0013_0099.JPG,train\Arjun\0013_0099.JPG,710
train,Arjun,0013_0100.JPG,train\Arjun\0013_0100.JPG,711
train,Arjun,0013_0101.JPG,train\Arjun\0013_0101.JPG,712
train,Arjun,0013_0102.JPG,train\Arjun\0013_0102.JPG,713
train,Arjun,0013_0103.JPG,train\Arjun\0013_0103.JPG,714
train,Arjun,0013_0104.JPG,train\Arjun\0013_0104.JPG,715
train,Arjun,0013_0105.JPG,train\Arjun\0013_0105.JPG,716
train,Arjun,0013_0106.JPG,train\Arjun\0013_0106.JPG,717
train,Arjun,0013_0107.JPG,train\Arjun\0013_0107.JPG,718
train,Arjun,0013_0108.JPG,train\Arjun\0013_0108.JPG,719
train,Arjun,0013_0109.JPG,train\Arjun\0013_0109.JPG,720
train,Arjun,0013_0110.JPG,train\Arjun\0013_0110.JPG,721
train,Arjun,0013_0111.JPG,train\Arjun\0013_0111.JPG,722
train,Arjun,0013_0112.JPG,train\Arjun\0013_0112.JPG,723
train,Arjun,0013_0113.JPG,train\Arjun\0013_0113.JPG,724
train,Arjun,0013_0114.JPG,train\Arjun\0013_0114.JPG,725
train,Arjun,0013_0115.JPG,train\Arjun\0013_0115.JPG,726
train,Arjun,0013_0116.JPG,train\Arjun\0013_0116.JPG,727
train,Arjun,0013_0117.JPG,train\Arjun\0013_0117.JPG,728
train,Arjun,0013_0118.JPG,train\Arjun\0013_0118.JPG,729
train,Arjun,0013_0119.JPG,train\Arjun\0013_0119.JPG,730
train,Arjun,0013_0120.JPG,train\Arjun\0013_0120.JPG,731
train,Arjun,0013_0121.JPG,train\Arjun\0013_0121.JPG,732
train,Arjun,0013_0122.JPG,train\Arjun\0013_0122.JPG,733
train,Arjun,0013_0123.JPG,train\Arjun\0013_0123.JPG,734
train,Arjun,0013_0124.JPG,train\Arjun\0013_0124.JPG,735
train,Arjun,0013_0125.JPG,train\Arjun\0013_0125.JPG,736
train,Arjun,0013_0126.JPG,train\Arjun\0013_0126.JPG,737
train,Arjun,0013_0127.JPG,train\Arjun\0013_0127.JPG,738
train,Arjun,0013_0128.JPG,train\Arjun\0013_0128.JPG,739
train,Arjun,0013_0129.JPG,train\Arjun\0013_0129.JPG,740
train,Arjun,0013_0130.JPG,train\Arjun\0013_0130.JPG,741
train,Arjun,0013_0131.JPG,train\Arjun\0013_0131.JPG,742
train,Arjun,0013_0132.JPG,train\Arjun\0013_0132.JPG,743
train,Arjun,0013_0133.JPG,train\Arjun\0013_0133.JPG,744
train,Arjun,0013_0134.JPG,train\Arjun\0013_0134.JPG,745
train,Arjun,0013_0135.JPG,train\Arjun\0013_0135.JPG,746
train,Arjun,0013_0136.JPG,train\Arjun\0013_0136.JPG,747
train,Arjun,0013_0137.JPG,train\Arjun\0013_0137.JPG,748
train,Arjun,0013_0138.JPG,train\Arjun\0013_0138.JPG,749
train,Arjun,0013_0139.JPG,train\Arjun\0013_0139.JPG,750
train,Arjun,0013_0140.JPG,train\Arjun\0013_0140.JPG,751
train,Arjun,0013_0141.JPG,train\Arjun\0013_0141.JPG,752
train,Arjun,0013_0142.JPG,train\Arjun\0013_0142.JPG,753
train,Arjun,0013_0143.JPG,train\Arjun\0013_0143.JPG,754
train,Arjun,0013_0144.JPG,train\Arjun\0013_0144.JPG,755
train,Arjun,0013_0145.JPG,train\Arjun\0013_0145.JPG,756
train,Arjun,0013_0146.JPG,train\Arjun\0013_0146.JPG,757
train,Arjun,0013_0147.JPG,train\Arjun\0013_0147.JPG,758
train,Arjun,0013_0148.JPG,train\Arjun\0013_0148.JPG,759
train,Arjun,0013_0149.JPG,train\Arjun\0013_0149.JPG,760
train,Arjun,0013_0150.JPG,train\Arjun\0013_0150.JPG,761
train,Arjun,0013_0151.JPG,train\Arjun\0013_0151.JPG,762
train,Arjun,0013_0152.JPG,train\Arjun\0013_0152.JPG,763
train,Arjun,0013_0153.JPG,train\Arjun\0013_0153.JPG,764
train,Arjun,0013_0154.JPG,train\Arjun\0013_0154.JPG,765
train,Arjun,0013_0155.JPG,train\Arjun\0013_0155.JPG,766
train,Arjun,0013_0156.JPG,train\Arjun\0013_0156.JPG,767
train,Arjun,0013_0157.JPG,train\Arjun\0013_0157.JPG,768
train,Arjun,0013_0158.JPG,train\Arjun\0013_0158.JPG,769
train,Arjun,0013_0159.JPG,train\Arjun\0013_0159.JPG,770
train,Arjun,0013_0160.JPG,train\Arjun\0013_0160.JPG,771
train,Arjun,0013_0161.JPG,train\Arjun\0013_0161.JPG,772
train,Arjun,0013_0162.JPG,train\Arjun\0013_0162.JPG,773
train,Arjun,0013_0163.JPG,train\Arjun\0013_0163.JPG,774
train,Arjun,0013_0164.JPG,train\Arjun\0013_0164.JPG,775
train,Arjun,0013_0165.JPG,train\Arjun\0013_0165.JPG,776
train,Arjun,0013_0166.JPG,train\Arjun\0013_0166.JPG,777
train,Arjun,0013_0167.JPG,train\Arjun\0013_0167.JPG,778
train,Arjun,0013_0168.JPG,train\Arjun\0013_0168.JPG,779
train,Arjun,0013_0169.JPG,train\Arjun\0013_0169.JPG,780
train,Arjun,0013_0170.JPG,train\Arjun\0013_0170.JPG,781
train,Arjun,0013_0171.JPG,train\Arjun\0013_0171.JPG,782
train,Arjun,0013_0172.JPG,train\Arjun\0013_0172.JPG,783
train,Arjun,0013_0173.JPG,train\Arjun\0013_0173.JPG,784
train,Arjun,0013_0174.JPG,train\Arjun\0013_0174.JPG,785
train,Arjun,0013_0175.JPG,train\Arjun\0013_0175.JPG,786
train,Arjun,0013_0176.JPG,train\Arjun\0013_0176.JPG,787
train,Arjun,0013_0177.JPG,train\Arjun\0013_0177.JPG,788
train,Arjun,0013_0178.JPG,train\Arjun\0013_0178.JPG,789
train,Arjun,0013_0179.JPG,train\Arjun\0013_0179.JPG,790
train,Arjun,0013_0180.JPG,train\Arjun\0013_0180.JPG,791
train,Arjun,0013_0181.JPG,train\Arjun\0013_0181.JPG,792
train,Arjun,0013_0182.JPG,train\Arjun\0013_0182.JPG,793
train,Arjun,0013_0183.JPG,train\Arjun\0013_0183.JPG,794
train,Arjun,0013_0184.JPG,train\Arjun\0013_0184.JPG,795
train,Arjun,0013_0185.JPG,train\Arjun\0013_0185.JPG,796
train,Arjun,0013_0186.JPG,train\Arjun\0013_0186.JPG,797
train,Arjun,0013_0187.JPG,train\Arjun\0013_0187.JPG,798
train,Arjun,0013_0188.JPG,train\Arjun\0013_0188.JPG,799
train,Arjun,0013_0189.JPG,train\Arjun\0013_0189.JPG,800
train,Arjun,0013_0190.JPG,train\Arjun\0013_0190.JPG,801
train,Arjun,0013_0191.JPG,train\Arjun\0013_0191.JPG,802
train,Arjun,0013_0192.JPG,train\Arjun\0013_0192.JPG,803
train,Arjun,0013_0193.JPG,train\Arjun\0013_0193.JPG,804
train,Arjun,0013_0194.JPG,train\Arjun\0013_0194.JPG,805
train,Arjun,0013_0195.JPG,train\Arjun\0013_0195.JPG,806
train,Arjun,0013_0196.JPG,train\Arjun\0013_0196.JPG,807
train,Arjun,0013_0197.JPG,train\Arjun\0013_0197.JPG,808
train,Arjun,0013_0198.JPG,train\Arjun\0013_0198.JPG,809
train,Arjun,0013_0199.JPG,train\Arjun\0013_0199.JPG,810
train,Arjun,0013_0200.JPG,train\Arjun\0013_0200.JPG,811
train,Arjun,0013_0201.JPG,train\Arjun\0013_0201.JPG,812
train,Arjun,0013_0202.JPG,train\Arjun\0013_0202.JPG,813
train,Arjun,0013_0203.JPG,train\Arjun\0013_0203.JPG,814
train,Arjun,0013_0204.JPG,train\Arjun\0013_0204.JPG,815
train,Arjun,0013_0205.JPG,train\Arjun\0013_0205.JPG,816
train,Arjun,0013_0206.JPG,train\Arjun\0013_0206.JPG,817
train,Arjun,0013_0207.JPG,train\Arjun\0013_0207.JPG,818
train,Arjun,0013_0208.JPG,train\Arjun\0013_0208.JPG,819
train,Arjun,0013_0209.JPG,train\Arjun\0013_0209.JPG,820
train,Arjun,0013_0210.JPG,train\Arjun\0013_0210.JPG,821
train,Arjun,0013_0211.JPG,train\Arjun\0013_0211.JPG,822
train,Arjun,0013_0212.JPG,train\Arjun\0013_0212.JPG,823
train,Arjun,0013_0213.JPG,train\Arjun\0013_0213.JPG,824
train,Arjun,0013_0214.JPG,train\Arjun\0013_0214.JPG,825
train,Arjun,0013_0215.JPG,train\Arjun\0013_0215.JPG,826
train,Arjun,0013_0216.JPG,train\Arjun\0013_0216.JPG,827
train,Arjun,0013_0217.JPG,train\Arjun\0013_0217.JPG,828
train,Arjun,0013_0218.JPG,train\Arjun\0013_0218.JPG,829
train,Arjun,0013_0219.JPG,train\Arjun\0013_0219.JPG,830
train,Arjun,0013_0220.JPG,train\Arjun\0013_0220.JPG,831
train,Arjun,0013_0221.JPG,train\Arjun\0013_0221.JPG,832
train,Arjun,0013_0222.JPG,train\Arjun\0013_0222.JPG,833
train,Arjun,0013_0223.JPG,train\Arjun\0013_0223.JPG,834
train,Arjun,0013_0224.JPG,train\Arjun\0013_0224.JPG,835
train,Arjun,0013_0225.JPG,train\Arjun\0013_0225.JPG,836
train,Arjun,0013_0226.JPG,train\Arjun\0013_0226.JPG,837
train,Arjun,0013_0227.JPG,train\Arjun\0013_0227.JPG,838
train,Arjun,0013_0228.JPG,train\Arjun\0013_0228.JPG,839
train,Arjun,0013_0229.JPG,train\Arjun\0013_0229.JPG,840
train,Arjun,0013_0230.JPG,train\Arjun\0013_0230.JPG,841
train,Arjun,0013_0231.JPG,train\Arjun\0013_0231.JPG,842
train,Arjun,0013_0232.JPG,train\Arjun\0013_0232.JPG,843
train,Bael,0016_0011.JPG,train\Bael\0016_0011.JPG,844
train,Bael,0016_0012.JPG,train\Bael\0016_0012.JPG,845
train,Bael,0016_0013.JPG,train\Bael\0016_0013.JPG,846
train,Bael,0016_0014.JPG,train\Bael\0016_0014.JPG,847
train,Bael,0016_0015.JPG,train\Bael\0016_0015.JPG,848
train,Bael,0016_0016.JPG,train\Bael\0016_0016.JPG,849
train,Bael,0016_0017.JPG,train\Bael\0016_0017.JPG,850
train,Bael,0016_0018.JPG,train\Bael\0016_0018.JPG,851
train,Bael,0016_0019.JPG,train\Bael\0016_0019.JPG,852
train,Bael,0016_0020.JPG,train\Bael\0016_0020.JPG,853
train,Bael,0016_0021.JPG,train\Bael\0016_0021.JPG,854
train,Bael,0016_0022.JPG,train\Bael\0016_0022.JPG,855
train,Bael,0016_0023.JPG,train\Bael\0016_0023.JPG,856
train,Bael,0016_0024.JPG,train\Bael\0016_0024.JPG,857
train,Bael,0016_0025.JPG,train\Bael\0016_0025.JPG,858
train,Bael,0016_0026.JPG,train\Bael\0016_0026.JPG,859
train,Bael,0016_0027.JPG,train\Bael\0016_0027.JPG,860
train,Bael,0016_0028.JPG,train\Bael\0016_0028.JPG,861
train,Bael,0016_0029.JPG,train\Bael\0016_0029.JPG,862
train,Bael,0016_0030.JPG,train\Bael\0016_0030.JPG,863
train,Bael,0016_0031.JPG,train\Bael\0016_0031.JPG,864
train,Bael,0016_0032.JPG,train\Bael\0016_0032.JPG,865
train,Bael,0016_0033.JPG,train\Bael\0016_0033.JPG,866
train,Bael,0016_0034.JPG,train\Bael\0016_0034.JPG,867
train,Bael,0016_0035.JPG,train\Bael\0016_0035.JPG,868
train,Bael,0016_0036.JPG,train\Bael\0016_0036.JPG,869
train,Bael,0016_0037.JPG,train\Bael\0016_0037.JPG,870
train,Bael,0016_0038.JPG,train\Bael\0016_0038.JPG,871
train,Bael,0016_0039.JPG,train\Bael\0016_0039.JPG,872
train,Bael,0016_0040.JPG,train\Bael\0016_0040.JPG,873
train,Bael,0016_0041.JPG,train\Bael\0016_0041.JPG,874
train,Bael,0016_0042.JPG,train\Bael\0016_0042.JPG,875
train,Bael,0016_0043.JPG,train\Bael\0016_0043.JPG,876
train,Bael,0016_0044.JPG,train\Bael\0016_0044.JPG,877
train,Bael,0016_0045.JPG,train\Bael\0016_0045.JPG,878
train,Bael,0016_0046.JPG,train\Bael\0016_0046.JPG,879
train,Bael,0016_0047.JPG,train\Bael\0016_0047.JPG,880
train,Bael,0016_0048.JPG,train\Bael\0016_0048.JPG,881
train,Bael,0016_0049.JPG,train\Bael\0016_0049.JPG,882
train,Bael,0016_0050.JPG,train\Bael\0016_0050.JPG,883
train,Bael,0016_0051.JPG,train\Bael\0016_0051.JPG,884
train,Bael,0016_0052.JPG,train\Bael\0016_0052.JPG,885
train,Bael,0016_0053.JPG,train\Bael\0016_0053.JPG,886
train,Bael,0016_0054.JPG,train\Bael\0016_0054.JPG,887
train,Bael,0016_0055.JPG,train\Bael\0016_0055.JPG,888
train,Bael,0016_0056.JPG,train\Bael\0016_0056.JPG,889
train,Bael,0016_0057.JPG,train\Bael\0016_0057.JPG,890
train,Bael,0016_0058.JPG,train\Bael\0016_0058.JPG,891
train,Bael,0016_0059.JPG,train\Bael\0016_0059.JPG,892
train,Bael,0016_0060.JPG,train\Bael\0016_0060.JPG,893
train,Bael,0016_0061.JPG,train\Bael\0016_0061.JPG,894
train,Bael,0016_0062.JPG,train\Bael\0016_0062.JPG,895
train,Bael,0016_0063.JPG,train\Bael\0016_0063.JPG,896
train,Bael,0016_0064.JPG,train\Bael\0016_0064.JPG,897
train,Bael,0016_0065.JPG,train\Bael\0016_0065.JPG,898
train,Bael,0016_0066.JPG,train\Bael\0016_0066.JPG,899
train,Bael,0016_0067.JPG,train\Bael\0016_0067.JPG,900
train,Bael,0016_0068.JPG,train\Bael\0016_0068.JPG,901
train,Bael,0016_0069.JPG,train\Bael\0016_0069.JPG,902
train,Bael,0016_0070.JPG,train\Bael\0016_0070.JPG,903
train,Bael,0016_0071.JPG,train\Bael\0016_0071.JPG,904
train,Bael,0016_0072.JPG,train\Bael\0016_0072.JPG,905
train,Bael,0016_0073.JPG,train\Bael\0016_0073.JPG,906
train,Bael,0016_0074.JPG,train\Bael\0016_0074.JPG,907
train,Bael,0016_0075.JPG,train\Bael\0016_0075.JPG,908
train,Bael,0016_0076.JPG,train\Bael\0016_0076.JPG,909
train,Bael,0016_0077.JPG,train\Bael\0016_0077.JPG,910
train,Bael,0016_0078.JPG,train\Bael\0016_0078.JPG,911
train,Bael,0016_0079.JPG,train\Bael\0016_0079.JPG,912
train,Bael,0016_0080.JPG,train\Bael\0016_0080.JPG,913
train,Bael,0016_0081.JPG,train\Bael\0016_0081.JPG,914
train,Bael,0016_0082.JPG,train\Bael\0016_0082.JPG,915
train,Bael,0016_0083.JPG,train\Bael\0016_0083.JPG,916
train,Bael,0016_0084.JPG,train\Bael\0016_0084.JPG,917
train,Bael,0016_0085.JPG,train\Bael\0016_0085.JPG,918
train,Bael,0016_0086.JPG,train\Bael\0016_0086.JPG,919
train,Bael,0016_0087.JPG,train\Bael\0016_0087.JPG,920
train,Bael,0016_0088.JPG,train\Bael\0016_0088.JPG,921
train,Bael,0016_0089.JPG,train\Bael\0016_0089.JPG,922
train,Bael,0016_0090.JPG,train\Bael\0016_0090.JPG,923
train,Bael,0016_0091.JPG,train\Bael\0016_0091.JPG,924
train,Bael,0016_0092.JPG,train\Bael\0016_0092.JPG,925
train,Bael,0016_0093.JPG,train\Bael\0016_0093.JPG,926
train,Bael,0016_0094.JPG,train\Bael\0016_0094.JPG,927
train,Bael,0016_0095.JPG,train\Bael\0016_0095.JPG,928
train,Bael,0016_0096.JPG,train\Bael\0016_0096.JPG,929
train,Bael,0016_0097.JPG,train\Bael\0016_0097.JPG,930
train,Bael,0016_0098.JPG,train\Bael\0016_0098.JPG,931
train,Bael,0016_0099.JPG,train\Bael\0016_0099.JPG,932
train,Bael,0016_0100.JPG,train\Bael\0016_0100.JPG,933
train,Bael,0016_0101.JPG,train\Bael\0016_0101.JPG,934
train,Bael,0016_0102.JPG,train\Bael\0016_0102.JPG,935
train,Bael,0016_0103.JPG,train\Bael\0016_0103.JPG,936
train,Bael,0016_0104.JPG,train\Bael\0016_0104.JPG,937
train,Bael,0016_0105.JPG,train\Bael\0016_0105.JPG,938
train,Bael,0016_0106.JPG,train\Bael\0016_0106.JPG,939
train,Bael,0016_0107.JPG,train\Bael\0016_0107.JPG,940
train,Bael,0016_0108.JPG,train\Bael\0016_0108.JPG,941
train,Bael,0016_0109.JPG,train\Bael\0016_0109.JPG,942
train,Bael,0016_0110.JPG,train\Bael\0016_0110.JPG,943
train,Bael,0016_0111.JPG,train\Bael\0016_0111.JPG,944
train,Bael,0016_0112.JPG,train\Bael\0016_0112.JPG,945
train,Bael,0016_0113.JPG,train\Bael\0016_0113.JPG,946
train,Bael,0016_0114.JPG,train\Bael\0016_0114.JPG,947
train,Bael,0016_0115.JPG,train\Bael\0016_0115.JPG,948
train,Bael,0016_0116.JPG,train\Bael\0016_0116.JPG,949
train,Bael,0016_0117.JPG,train\Bael\0016_0117.JPG,950
train,Basil,0008_0011.JPG,train\Basil\0008_0011.JPG,951
train,Basil,0008_0012.JPG,train\Basil\0008_0012.JPG,952
train,Basil,0008_0013.JPG,train\Basil\0008_0013.JPG,953
train,Basil,0008_0014.JPG,train\Basil\0008_0014.JPG,954
train,Basil,0008_0015.JPG,train\Basil\0008_0015.JPG,955
train,Basil,0008_0016.JPG,train\Basil\0008_0016.JPG,956
train,Basil,0008_0017.JPG,train\Basil\0008_0017.JPG,957
train,Basil,0008_0018.JPG,train\Basil\0008_0018.JPG,958
train,Basil,0008_0019.JPG,train\Basil\0008_0019.JPG,959
train,Basil,0008_0020.JPG,train\Basil\0008_0020.JPG,960
train,Basil,0008_0021.JPG,train\Basil\0008_0021.JPG,961
train,Basil,0008_0022.JPG,train\Basil\0008_0022.JPG,962
train,Basil,0008_0023.JPG,train\Basil\0008_0023.JPG,963
train,Basil,0008_0024.JPG,train\Basil\0008_0024.JPG,964
train,Basil,0008_0025.JPG,train\Basil\0008_0025.JPG,965
train,Basil,0008_0026.JPG,train\Basil\0008_0026.JPG,966
train,Basil,0008_0027.JPG,train\Basil\0008_0027.JPG,967
train,Basil,0008_0028.JPG,train\Basil\0008_0028.JPG,968
train,Basil,0008_0029.JPG,train\Basil\0008_0029.JPG,969
train,Basil,0008_0030.JPG,train\Basil\0008_0030.JPG,970
train,Basil,0008_0031.JPG,train\Basil\0008_0031.JPG,971
train,Basil,0008_0032.JPG,train\Basil\0008_0032.JPG,972
train,Basil,0008_0033.JPG,train\Basil\0008_0033.JPG,973
train,Basil,0008_0034.JPG,train\Basil\0008_0034.JPG,974
train,Basil,0008_0035.JPG,train\Basil\0008_0035.JPG,975
train,Basil,0008_0036.JPG,train\Basil\0008_0036.JPG,976
train,Basil,0008_0037.JPG,train\Basil\0008_0037.JPG,977
train,Basil,0008_0038.JPG,train\Basil\0008_0038.JPG,978
train,Basil,0008_0039.JPG,train\Basil\0008_0039.JPG,979
train,Basil,0008_0040.JPG,train\Basil\0008_0040.JPG,980
train,Basil,0008_0041.JPG,train\Basil\0008_0041.JPG,981
train,Basil,0008_0042.JPG,train\Basil\0008_0042.JPG,982
train,Basil,0008_0043.JPG,train\Basil\0008_0043.JPG,983
train,Basil,0008_0044.JPG,train\Basil\0008_0044.JPG,984
train,Basil,0008_0045.JPG,train\Basil\0008_0045.JPG,985
train,Basil,0008_0046.JPG,train\Basil\0008_0046.JPG,986
train,Basil,0008_0047.JPG,train\Basil\0008_0047.JPG,987
train,Basil,0008_0048.JPG,train\Basil\0008_0048.JPG,988
train,Basil,0008_0049.JPG,train\Basil\0008_0049.JPG,989
train,Basil,0008_0050.JPG,train\Basil\0008_0050.JPG,990
train,Basil,0008_0051.JPG,train\Basil\0008_0051.JPG,991
train,Basil,0008_0052.JPG,train\Basil\0008_0052.JPG,992
train,Basil,0008_0053.JPG,train\Basil\0008_0053.JPG,993
train,Basil,0008_0054.JPG,train\Basil\0008_0054.JPG,994
train,Basil,0008_0055.JPG,train\Basil\0008_0055.JPG,995
train,Basil,0008_0056.JPG,train\Basil\0008_0056.JPG,996
train,Basil,0008_0057.JPG,train\Basil\0008_0057.JPG,997
train,Basil,0008_0058.JPG,train\Basil\0008_0058.JPG,998
train,Basil,0008_0059.JPG,train\Basil\0008_0059.JPG,999
train,Basil,0008_0060.JPG,train\Basil\0008_0060.JPG,1000
train,Basil,0008_0061.JPG,train\Basil\0008_0061.JPG,1001
train,Basil,0008_0062.JPG,train\Basil\0008_0062.JPG,1002
train,Basil,0008_0063.JPG,train\Basil\0008_0063.JPG,1003
train,Basil,0008_0064.JPG,train\Basil\0008_0064.JPG,1004
train,Basil,0008_0065.JPG,train\Basil\0008_0065.JPG,1005
train,Basil,0008_0066.JPG,train\Basil\0008_0066.JPG,1006
train,Basil,0008_0067.JPG,train\Basil\0008_0067.JPG,1007
train,Basil,0008_0068.JPG,train\Basil\0008_0068.JPG,1008
train,Basil,0008_0069.JPG,train\Basil\0008_0069.JPG,1009
train,Basil,0008_0070.JPG,train\Basil\0008_0070.JPG,1010
train,Basil,0008_0071.JPG,train\Basil\0008_0071.JPG,1011
train,Basil,0008_0072.JPG,train\Basil\0008_0072.JPG,1012
train,Basil,0008_0073.JPG,train\Basil\0008_0073.JPG,1013
train,Basil,0008_0074.JPG,train\Basil\0008_0074.JPG,1014
train,Basil,0008_0075.JPG,train\Basil\0008_0075.JPG,1015
train,Basil,0008_0076.JPG,train\Basil\0008_0076.JPG,1016
train,Basil,0008_0077.JPG,train\Basil\0008_0077.JPG,1017
train,Basil,0008_0078.JPG,train\Basil\0008_0078.JPG,1018
train,Basil,0008_0079.JPG,train\Basil\0008_0079.JPG,1019
train,Basil,0008_0080.JPG,train\Basil\0008_0080.JPG,1020
train,Basil,0008_0081.JPG,train\Basil\0008_0081.JPG,1021
train,Basil,0008_0082.JPG,train\Basil\0008_0082.JPG,1022
train,Basil,0008_0083.JPG,train\Basil\0008_0083.JPG,1023
train,Basil,0008_0084.JPG,train\Basil\0008_0084.JPG,1024
train,Basil,0008_0085.JPG,train\Basil\0008_0085.JPG,1025
train,Basil,0008_0086.JPG,train\Basil\0008_0086.JPG,1026
train,Basil,0008_0087.JPG,train\Basil\0008_0087.JPG,1027
train,Basil,0008_0088.JPG,train\Basil\0008_0088.JPG,1028
train,Basil,0008_0089.JPG,train\Basil\0008_0089.JPG,1029
train,Basil,0008_0090.JPG,train\Basil\0008_0090.JPG,1030
train,Basil,0008_0091.JPG,train\Basil\0008_0091.JPG,1031
train,Basil,0008_0092.JPG,train\Basil\0008_0092.JPG,1032
train,Basil,0008_0093.JPG,train\Basil\0008_0093.JPG,1033
train,Basil,0008_0094.JPG,train\Basil\0008_0094.JPG,1034
train,Basil,0008_0095.JPG,train\Basil\0008_0095.JPG,1035
train,Basil,0008_0096.JPG,train\Basil\0008_0096.JPG,1036
train,Basil,0008_0097.JPG,train\Basil\0008_0097.JPG,1037
train,Basil,0008_0098.JPG,train\Basil\0008_0098.JPG,1038
train,Basil,0008_0099.JPG,train\Basil\0008_0099.JPG,1039
train,Basil,0008_0100.JPG,train\Basil\0008_0100.JPG,1040
train,Basil,0008_0101.JPG,train\Basil\0008_0101.JPG,1041
train,Basil,0008_0102.JPG,train\Basil\0008_0102.JPG,1042
train,Basil,0008_0103.JPG,train\Basil\0008_0103.JPG,1043
train,Basil,0008_0104.JPG,train\Basil\0008_0104.JPG,1044
train,Basil,0008_0105.JPG,train\Basil\0008_0105.JPG,1045
train,Basil,0008_0106.JPG,train\Basil\0008_0106.JPG,1046
train,Basil,0008_0107.JPG,train\Basil\0008_0107.JPG,1047
train,Basil,0008_0108.JPG,train\Basil\0008_0108.JPG,1048
train,Basil,0008_0109.JPG,train\Basil\0008_0109.JPG,1049
train,Basil,0008_0110.JPG,train\Basil\0008_0110.JPG,1050
train,Basil,0008_0111.JPG,train\Basil\0008_0111.JPG,1051
train,Basil,0008_0112.JPG,train\Basil\0008_0112.JPG,1052
train,Basil,0008_0113.JPG,train\Basil\0008_0113.JPG,1053
train,Basil,0008_0114.JPG,train\Basil\0008_0114.JPG,1054
train,Basil,0008_0115.JPG,train\Basil\0008_0115.JPG,1055
train,Basil,0008_0116.JPG,train\Basil\0008_0116.JPG,1056
train,Basil,0008_0117.JPG,train\Basil\0008_0117.JPG,1057
train,Basil,0008_0118.JPG,train\Basil\0008_0118.JPG,1058
train,Basil,0008_0119.JPG,train\Basil\0008_0119.JPG,1059
train,Basil,0008_0120.JPG,train\Basil\0008_0120.JPG,1060
train,Basil,0008_0121.JPG,train\Basil\0008_0121.JPG,1061
train,Basil,0008_0122.JPG,train\Basil\0008_0122.JPG,1062
train,Basil,0008_0123.JPG,train\Basil\0008_0123.JPG,1063
train,Basil,0008_0124.JPG,train\Basil\0008_0124.JPG,1064
train,Basil,0008_0125.JPG,train\Basil\0008_0125.JPG,1065
train,Basil,0008_0126.JPG,train\Basil\0008_0126.JPG,1066
train,Basil,0008_0127.JPG,train\Basil\0008_0127.JPG,1067
train,Basil,0008_0128.JPG,train\Basil\0008_0128.JPG,1068
train,Basil,0008_0129.JPG,train\Basil\0008_0129.JPG,1069
train,Basil,0008_0130.JPG,train\Basil\0008_0130.JPG,1070
train,Basil,0008_0131.JPG,train\Basil\0008_0131.JPG,1071
train,Basil,0008_0132.JPG,train\Basil\0008_0132.JPG,1072
train,Basil,0008_0133.JPG,train\Basil\0008_0133.JPG,1073
train,Basil,0008_0134.JPG,train\Basil\0008_0134.JPG,1074
train,Basil,0008_0135.JPG,train\Basil\0008_0135.JPG,1075
train,Basil,0008_0136.JPG,train\Basil\0008_0136.JPG,1076
train,Basil,0008_0137.JPG,train\Basil\0008_0137.JPG,1077
train,Basil,0008_0138.JPG,train\Basil\0008_0138.JPG,1078
train,Basil,0008_0139.JPG,train\Basil\0008_0139.JPG,1079
train,Basil,0008_0140.JPG,train\Basil\0008_0140.JPG,1080
train,Basil,0008_0141.JPG,train\Basil\0008_0141.JPG,1081
train,Basil,0008_0142.JPG,train\Basil\0008_0142.JPG,1082
train,Basil,0008_0143.JPG,train\Basil\0008_0143.JPG,1083
train,Basil,0008_0144.JPG,train\Basil\0008_0144.JPG,1084
train,Basil,0008_0145.JPG,train\Basil\0008_0145.JPG,1085
train,Basil,0008_0146.JPG,train\Basil\0008_0146.JPG,1086
train,Basil,0008_0147.JPG,train\Basil\0008_0147.JPG,1087
train,Chinar,0011_0011.JPG,train\Chinar\0011_0011.JPG,1088
train,Chinar,0011_0012.JPG,train\Chinar\0011_0012.JPG,1089
train,Chinar,0011_0013.JPG,train\Chinar\0011_0013.JPG,1090
train,Chinar,0011_0014.JPG,train\Chinar\0011_0014.JPG,1091
train,Chinar,0011_0015.JPG,train\Chinar\0011_0015.JPG,1092
train,Chinar,0011_0016.JPG,train\Chinar\0011_0016.JPG,1093
train,Chinar,0011_0017.JPG,train\Chinar\0011_0017.JPG,1094
train,Chinar,0011_0018.JPG,train\Chinar\0011_0018.JPG,1095
train,Chinar,0011_0019.JPG,train\Chinar\0011_0019.JPG,1096
train,Chinar,0011_0020.JPG,train\Chinar\0011_0020.JPG,1097
train,Chinar,0011_0021.JPG,train\Chinar\0011_0021.JPG,1098
train,Chinar,0011_0022.JPG,train\Chinar\0011_0022.JPG,1099
train,Chinar,0011_0023.JPG,train\Chinar\0011_0023.JPG,1100
train,Chinar,0011_0024.JPG,train\Chinar\0011_0024.JPG,1101
train,Chinar,0011_0025.JPG,train\Chinar\0011_0025.JPG,1102
train,Chinar,0011_0026.JPG,train\Chinar\0011_0026.JPG,1103
train,Chinar,0011_0027.JPG,train\Chinar\0011_0027.JPG,1104
train,Chinar,0011_0028.JPG,train\Chinar\0011_0028.JPG,1105
train,Chinar,0011_0029.JPG,train\Chinar\0011_0029.JPG,1106
train,Chinar,0011_0030.JPG,train\Chinar\0011_0030.JPG,1107
train,Chinar,0011_0031.JPG,train\Chinar\0011_0031.JPG,1108
train,Chinar,0011_0032.JPG,train\Chinar\0011_0032.JPG,1109
train,Chinar,0011_0033.JPG,train\Chinar\0011_0033.JPG,1110
train,Chinar,0011_0034.JPG,train\Chinar\0011_0034.JPG,1111
train,Chinar,0011_0035.JPG,train\Chinar\0011_0035.JPG,1112
train,Chinar,0011_0036.JPG,train\Chinar\0011_0036.JPG,1113
train,Chinar,0011_0037.JPG,train\Chinar\0011_0037.JPG,1114
train,Chinar,0011_0038.JPG,train\Chinar\0011_0038.JPG,1115
train,Chinar,0011_0039.JPG,train\Chinar\0011_0039.JPG,1116
train,Chinar,0011_0040.JPG,train\Chinar\0011_0040.JPG,1117
train,Chinar,0011_0041.JPG,train\Chinar\0011_0041.JPG,1118
train,Chinar,0011_0042.JPG,train\Chinar\0011_0042.JPG,1119
train,Chinar,0011_0043.JPG,train\Chinar\0011_0043.JPG,1120
train,Chinar,0011_0044.JPG,train\Chinar\0011_0044.JPG,1121
train,Chinar,0011_0045.JPG,train\Chinar\0011_0045.JPG,1122
train,Chinar,0011_0046.JPG,train\Chinar\0011_0046.JPG,1123
train,Chinar,0011_0047.JPG,train\Chinar\0011_0047.JPG,1124
train,Chinar,0011_0048.JPG,train\Chinar\0011_0048.JPG,1125
train,Chinar,0011_0049.JPG,train\Chinar\0011_0049.JPG,1126
train,Chinar,0011_0050.JPG,train\Chinar\0011_0050.JPG,1127
train,Chinar,0011_0051.JPG,train\Chinar\0011_0051.JPG,1128
train,Chinar,0011_0052.JPG,train\Chinar\0011_0052.JPG,1129
train,Chinar,0011_0053.JPG,train\Chinar\0011_0053.JPG,1130
train,Chinar,0011_0054.JPG,train\Chinar\0011_0054.JPG,1131
train,Chinar,0011_0055.JPG,train\Chinar\0011_0055.JPG,1132
train,Chinar,0011_0056.JPG,train\Chinar\0011_0056.JPG,1133
train,Chinar,0011_0057.JPG,train\Chinar\0011_0057.JPG,1134
train,Chinar,0011_0058.JPG,train\Chinar\0011_0058.JPG,1135
train,Chinar,0011_0059.JPG,train\Chinar\0011_0059.JPG,1136
train,Chinar,0011_0060.JPG,train\Chinar\0011_0060.JPG,1137
train,Chinar,0011_0061.JPG,train\Chinar\0011_0061.JPG,1138
train,Chinar,0011_0062.JPG,train\Chinar\0011_0062.JPG,1139
train,Chinar,0011_0063.JPG,train\Chinar\0011_0063.JPG,1140
train,Chinar,0011_0064.JPG,train\Chinar\0011_0064.JPG,1141
train,Chinar,0011_0065.JPG,train\Chinar\0011_0065.JPG,1142
train,Chinar,0011_0066.JPG,train\Chinar\0011_0066.JPG,1143
train,Chinar,0011_0067.JPG,train\Chinar\0011_0067.JPG,1144
train,Chinar,0011_0068.JPG,train\Chinar\0011_0068.JPG,1145
train,Chinar,0011_0069.JPG,train\Chinar\0011_0069.JPG,1146
train,Chinar,0011_0070.JPG,train\Chinar\0011_0070.JPG,1147
train,Chinar,0011_0071.JPG,train\Chinar\0011_0071.JPG,1148
train,Chinar,0011_0072.JPG,train\Chinar\0011_0072.JPG,1149
train,Chinar,0011_0073.JPG,train\Chinar\0011_0073.JPG,1150
train,Chinar,0011_0074.JPG,train\Chinar\0011_0074.JPG,1151
train,Chinar,0011_0075.JPG,train\Chinar\0011_0075.JPG,1152
train,Chinar,0011_0076.JPG,train\Chinar\0011_0076.JPG,1153
train,Chinar,0011_0077.JPG,train\Chinar\0011_0077.JPG,1154
train,Chinar,0011_0078.JPG,train\Chinar\0011_0078.JPG,1155
train,Chinar,0011_0079.JPG,train\Chinar\0011_0079.JPG,1156
train,Chinar,0011_0080.JPG,train\Chinar\0011_0080.JPG,1157
train,Chinar,0011_0081.JPG,train\Chinar\0011_0081.JPG,1158
train,Chinar,0011_0082.JPG,train\Chinar\0011_0082.JPG,1159
train,Chinar,0011_0083.JPG,train\Chinar\0011_0083.JPG,1160
train,Chinar,0011_0084.JPG,train\Chinar\0011_0084.JPG,1161
train,Chinar,0011_0085.JPG,train\Chinar\0011_0085.JPG,1162
train,Chinar,0011_0086.JPG,train\Chinar\0011_0086.JPG,1163
train,Chinar,0011_0087.JPG,train\Chinar\0011_0087.JPG,1164
train,Chinar,0011_0088.JPG,train\Chinar\0011_0088.JPG,1165
train,Chinar,0011_0089.JPG,train\Chinar\0011_0089.JPG,1166
train,Chinar,0011_0090.JPG,train\Chinar\0011_0090.JPG,1167
train,Chinar,0011_0091.JPG,train\Chinar\0011_0091.JPG,1168
train,Chinar,0011_0092.JPG,train\Chinar\0011_0092.JPG,1169
train,Chinar,0011_0093.JPG,train\Chinar\0011_0093.JPG,1170
train,Chinar,0011_0094.JPG,train\Chinar\0011_0094.JPG,1171
train,Chinar,0011_0095.JPG,train\Chinar\0011_0095.JPG,1172
train,Chinar,0011_0096.JPG,train\Chinar\0011_0096.JPG,1173
train,Chinar,0011_0097.JPG,train\Chinar\0011_0097.JPG,1174
train,Chinar,0011_0098.JPG,train\Chinar\0011_0098.JPG,1175
train,Chinar,0011_0099.JPG,train\Chinar\0011_0099.JPG,1176
train,Chinar,0011_0100.JPG,train\Chinar\0011_0100.JPG,1177
train,Chinar,0011_0101.JPG,train\Chinar\0011_0101.JPG,1178
train,Chinar,0011_0102.JPG,train\Chinar\0011_0102.JPG,1179
train,Chinar,0011_0103.JPG,train\Chinar\0011_0103.JPG,1180
train,Chinar,0022_0011.JPG,train\Chinar\0022_0011.JPG,1181
train,Chinar,0022_0012.JPG,train\Chinar\0022_0012.JPG,1182
train,Chinar,0022_0013.JPG,train\Chinar\0022_0013.JPG,1183
train,Chinar,0022_0014.JPG,train\Chinar\0022_0014.JPG,1184
train,Chinar,0022_0015.JPG,train\Chinar\0022_0015.JPG,1185
train,Chinar,0022_0016.JPG,train\Chinar\0022_0016.JPG,1186
train,Chinar,0022_0017.JPG,train\Chinar\0022_0017.JPG,1187
train,Chinar,0022_0018.JPG,train\Chinar\0022_0018.JPG,1188
train,Chinar,0022_0019.JPG,train\Chinar\0022_0019.JPG,1189
train,Chinar,0022_0020.JPG,train\Chinar\0022_0020.JPG,1190
train,Chinar,0022_0021.JPG,train\Chinar\0022_0021.JPG,1191
train,Chinar,0022_0022.JPG,train\Chinar\0022_0022.JPG,1192
train,Chinar,0022_0023.JPG,train\Chinar\0022_0023.JPG,1193
train,Chinar,0022_0024.JPG,train\Chinar\0022_0024.JPG,1194
train,Chinar,0022_0025.JPG,train\Chinar\0022_0025.JPG,1195
train,Chinar,0022_0026.JPG,train\Chinar\0022_0026.JPG,1196
train,Chinar,0022_0027.JPG,train\Chinar\0022_0027.JPG,1197
train,Chinar,0022_0028.JPG,train\Chinar\0022_0028.JPG,1198
train,Chinar,0022_0029.JPG,train\Chinar\0022_0029.JPG,1199
train,Chinar,0022_0030.JPG,train\Chinar\0022_0030.JPG,1200
train,Chinar,0022_0031.JPG,train\Chinar\0022_0031.JPG,1201
train,Chinar,0022_0032.JPG,train\Chinar\0022_0032.JPG,1202
train,Chinar,0022_0033.JPG,train\Chinar\0022_0033.JPG,1203
train,Chinar,0022_0034.JPG,train\Chinar\0022_0034.JPG,1204
train,Chinar,0022_0035.JPG,train\Chinar\0022_0035.JPG,1205
train,Chinar,0022_0036.JPG,train\Chinar\0022_0036.JPG,1206
train,Chinar,0022_0037.JPG,train\Chinar\0022_0037.JPG,1207
train,Chinar,0022_0038.JPG,train\Chinar\0022_0038.JPG,1208
train,Chinar,0022_0039.JPG,train\Chinar\0022_0039.JPG,1209
train,Chinar,0022_0040.JPG,train\Chinar\0022_0040.JPG,1210
train,Chinar,0022_0041.JPG,train\Chinar\0022_0041.JPG,1211
train,Chinar,0022_0042.JPG,train\Chinar\0022_0042.JPG,1212
train,Chinar,0022_0043.JPG,train\Chinar\0022_0043.JPG,1213
train,Chinar,0022_0044.JPG,train\Chinar\0022_0044.JPG,1214
train,Chinar,0022_0045.JPG,train\Chinar\0022_0045.JPG,1215
train,Chinar,0022_0046.JPG,train\Chinar\0022_0046.JPG,1216
train,Chinar,0022_0047.JPG,train\Chinar\0022_0047.JPG,1217
train,Chinar,0022_0048.JPG,train\Chinar\0022_0048.JPG,1218
train,Chinar,0022_0049.JPG,train\Chinar\0022_0049.JPG,1219
train,Chinar,0022_0050.JPG,train\Chinar\0022_0050.JPG,1220
train,Chinar,0022_0051.JPG,train\Chinar\0022_0051.JPG,1221
train,Chinar,0022_0052.JPG,train\Chinar\0022_0052.JPG,1222
train,Chinar,0022_0053.JPG,train\Chinar\0022_0053.JPG,1223
train,Chinar,0022_0054.JPG,train\Chinar\0022_0054.JPG,1224
train,Chinar,0022_0055.JPG,train\Chinar\0022_0055.JPG,1225
train,Chinar,0022_0056.JPG,train\Chinar\0022_0056.JPG,1226
train,Chinar,0022_0057.JPG,train\Chinar\0022_0057.JPG,1227
train,Chinar,0022_0058.JPG,train\Chinar\0022_0058.JPG,1228
train,Chinar,0022_0059.JPG,train\Chinar\0022_0059.JPG,1229
train,Chinar,0022_0060.JPG,train\Chinar\0022_0060.JPG,1230
train,Chinar,0022_0061.JPG,train\Chinar\0022_0061.JPG,1231
train,Chinar,0022_0062.JPG,train\Chinar\0022_0062.JPG,1232
train,Chinar,0022_0063.JPG,train\Chinar\0022_0063.JPG,1233
train,Chinar,0022_0064.JPG,train\Chinar\0022_0064.JPG,1234
train,Chinar,0022_0065.JPG,train\Chinar\0022_0065.JPG,1235
train,Chinar,0022_0066.JPG,train\Chinar\0022_0066.JPG,1236
train,Chinar,0022_0067.JPG,train\Chinar\0022_0067.JPG,1237
train,Chinar,0022_0068.JPG,train\Chinar\0022_0068.JPG,1238
train,Chinar,0022_0069.JPG,train\Chinar\0022_0069.JPG,1239
train,Chinar,0022_0070.JPG,train\Chinar\0022_0070.JPG,1240
train,Chinar,0022_0071.JPG,train\Chinar\0022_0071.JPG,1241
train,Chinar,0022_0072.JPG,train\Chinar\0022_0072.JPG,1242
train,Chinar,0022_0073.JPG,train\Chinar\0022_0073.JPG,1243
train,Chinar,0022_0074.JPG,train\Chinar\0022_0074.JPG,1244
train,Chinar,0022_0075.JPG,train\Chinar\0022_0075.JPG,1245
train,Chinar,0022_0076.JPG,train\Chinar\0022_0076.JPG,1246
train,Chinar,0022_0077.JPG,train\Chinar\0022_0077.JPG,1247
train,Chinar,0022_0078.JPG,train\Chinar\0022_0078.JPG,1248
train,Chinar,0022_0079.JPG,train\Chinar\0022_0079.JPG,1249
train,Chinar,0022_0080.JPG,train\Chinar\0022_0080.JPG,1250
train,Chinar,0022_0081.JPG,train\Chinar\0022_0081.JPG,1251
train,Chinar,0022_0082.JPG,train\Chinar\0022_0082.JPG,1252
train,Chinar,0022_0083.JPG,train\Chinar\0022_0083.JPG,1253
train,Chinar,0022_0084.JPG,train\Chinar\0022_0084.JPG,1254
train,Chinar,0022_0085.JPG,train\Chinar\0022_0085.JPG,1255
train,Chinar,0022_0086.JPG,train\Chinar\0022_0086.JPG,1256
train,Chinar,0022_0087.JPG,train\Chinar\0022_0087.JPG,1257
train,Chinar,0022_0088.JPG,train\Chinar\0022_0088.JPG,1258
train,Chinar,0022_0089.JPG,train\Chinar\0022_0089.JPG,1259
train,Chinar,0022_0090.JPG,train\Chinar\0022_0090.JPG,1260
train,Chinar,0022_0091.JPG,train\Chinar\0022_0091.JPG,1261
train,Chinar,0022_0092.JPG,train\Chinar\0022_0092.JPG,1262
train,Chinar,0022_0093.JPG,train\Chinar\0022_0093.JPG,1263
train,Chinar,0022_0094.JPG,train\Chinar\0022_0094.JPG,1264
train,Chinar,0022_0095.JPG,train\Chinar\0022_0095.JPG,1265
train,Chinar,0022_0096.JPG,train\Chinar\0022_0096.JPG,1266
train,Chinar,0022_0097.JPG,train\Chinar\0022_0097.JPG,1267
train,Chinar,0022_0098.JPG,train\Chinar\0022_0098.JPG,1268
train,Chinar,0022_0099.JPG,train\Chinar\0022_0099.JPG,1269
train,Chinar,0022_0100.JPG,train\Chinar\0022_0100.JPG,1270
train,Chinar,0022_0101.JPG,train\Chinar\0022_0101.JPG,1271
train,Chinar,0022_0102.JPG,train\Chinar\0022_0102.JPG,1272
train,Chinar,0022_0103.JPG,train\Chinar\0022_0103.JPG,1273
train,Chinar,0022_0104.JPG,train\Chinar\0022_0104.JPG,1274
train,Chinar,0022_0105.JPG,train\Chinar\0022_0105.JPG,1275
train,Chinar,0022_0106.JPG,train\Chinar\0022_0106.JPG,1276
train,Chinar,0022_0107.JPG,train\Chinar\0022_0107.JPG,1277
train,Chinar,0022_0108.JPG,train\Chinar\0022_0108.JPG,1278
train,Chinar,0022_0109.JPG,train\Chinar\0022_0109.JPG,1279
train,Chinar,0022_0110.JPG,train\Chinar\0022_0110.JPG,1280
train,Chinar,0022_0111.JPG,train\Chinar\0022_0111.JPG,1281
train,Chinar,0022_0112.JPG,train\Chinar\0022_0112.JPG,1282
train,Chinar,0022_0113.JPG,train\Chinar\0022_0113.JPG,1283
train,Chinar,0022_0114.JPG,train\Chinar\0022_0114.JPG,1284
train,Chinar,0022_0115.JPG,train\Chinar\0022_0115.JPG,1285
train,Chinar,0022_0116.JPG,train\Chinar\0022_0116.JPG,1286
train,Chinar,0022_0117.JPG,train\Chinar\0022_0117.JPG,1287
train,Chinar,0022_0118.JPG,train\Chinar\0022_0118.JPG,1288
train,Chinar,0022_0119.JPG,train\Chinar\0022_0119.JPG,1289
train,Chinar,0022_0120.JPG,train\Chinar\0022_0120.JPG,1290
train,Gauva,0004_0011.JPG,train\Gauva\0004_0011.JPG,1291
train,Gauva,0004_0012.JPG,train\Gauva\0004_0012.JPG,1292
train,Gauva,0004_0013.JPG,train\Gauva\0004_0013.JPG,1293
train,Gauva,0004_0014.JPG,train\Gauva\0004_0014.JPG,1294
train,Gauva,0004_0015.JPG,train\Gauva\0004_0015.JPG,1295
train,Gauva,0004_0016.JPG,train\Gauva\0004_0016.JPG,1296
train,Gauva,0004_0017.JPG,train\Gauva\0004_0017.JPG,1297
train,Gauva,0004_0018.JPG,train\Gauva\0004_0018.JPG,1298
train,Gauva,0004_0019.JPG,train\Gauva\0004_0019.JPG,1299
train,Gauva,0004_0020.JPG,train\Gauva\0004_0020.JPG,1300
train,Gauva,0004_0021.JPG,train\Gauva\0004_0021.JPG,1301
train,Gauva,0004_0022.JPG,train\Gauva\0004_0022.JPG,1302
train,Gauva,0004_0023.JPG,train\Gauva\0004_0023.JPG,1303
train,Gauva,0004_0024.JPG,train\Gauva\0004_0024.JPG,1304
train,Gauva,0004_0025.JPG,train\Gauva\0004_0025.JPG,1305
train,Gauva,0004_0026.JPG,train\Gauva\0004_0026.JPG,1306
train,Gauva,0004_0027.JPG,train\Gauva\0004_0027.JPG,1307
train,Gauva,0004_0028.JPG,train\Gauva\0004_0028.JPG,1308
train,Gauva,0004_0029.JPG,train\Gauva\0004_0029.JPG,1309
train,Gauva,0004_0030.JPG,train\Gauva\0004_0030.JPG,1310
train,Gauva,0004_0031.JPG,train\Gauva\0004_0031.JPG,1311
train,Gauva,0004_0032.JPG,train\Gauva\0004_0032.JPG,1312
train,Gauva,0004_0033.JPG,train\Gauva\0004_0033.JPG,1313
train,Gauva,0004_0034.JPG,train\Gauva\0004_0034.JPG,1314
train,Gauva,0004_0035.JPG,train\Gauva\0004_0035.JPG,1315
train,Gauva,0004_0036.JPG,train\Gauva\0004_0036.JPG,1316
train,Gauva,0004_0037.JPG,train\Gauva\0004_0037.JPG,1317
train,Gauva,0004_0038.JPG,train\Gauva\0004_0038.JPG,1318
train,Gauva,0004_0039.JPG,train\Gauva\0004_0039.JPG,1319
train,Gauva,0004_0040.JPG,train\Gauva\0004_0040.JPG,1320
train,Gauva,0004_0041.JPG,train\Gauva\0004_0041.JPG,1321
train,Gauva,0004_0042.JPG,train\Gauva\0004_0042.JPG,1322
train,Gauva,0004_0043.JPG,train\Gauva\0004_0043.JPG,1323
train,Gauva,0004_0044.JPG,train\Gauva\0004_0044.JPG,1324
train,Gauva,0004_0045.JPG,train\Gauva\0004_0045.JPG,1325
train,Gauva,0004_0046.JPG,train\Gauva\0004_0046.JPG,1326
train,Gauva,0004_0047.JPG,train\Gauva\0004_0047.JPG,1327
train,Gauva,0004_0048.JPG,train\Gauva\0004_0048.JPG,1328
train,Gauva,0004_0049.JPG,train\Gauva\0004_0049.JPG,1329
train,Gauva,0004_0050.JPG,train\Gauva\0004_0050.JPG,1330
train,Gauva,0004_0051.JPG,train\Gauva\0004_0051.JPG,1331
train,Gauva,0004_0052.JPG,train\Gauva\0004_0052.JPG,1332
train,Gauva,0004_0053.JPG,train\Gauva\0004_0053.JPG,1333
train,Gauva,0004_0054.JPG,train\Gauva\0004_0054.JPG,1334
train,Gauva,0004_0055.JPG,train\Gauva\0004_0055.JPG,1335
train,Gauva,0004_0056.JPG,train\Gauva\0004_0056.JPG,1336
train,Gauva,0004_0057.JPG,train\Gauva\0004_0057.JPG,1337
train,Gauva,0004_0058.JPG,train\Gauva\0004_0058.JPG,1338
train,Gauva,0004_0059.JPG,train\Gauva\0004_0059.JPG,1339
train,Gauva,0004_0060.JPG,train\Gauva\0004_0060.JPG,1340
train,Gauva,0004_0061.JPG,train\Gauva\0004_0061.JPG,1341
train,Gauva,0004_0062.JPG,train\Gauva\0004_0062.JPG,1342
train,Gauva,0004_0063.JPG,train\Gauva\0004_0063.JPG,1343
train,Gauva,0004_0064.JPG,train\Gauva\0004_0064.JPG,1344
train,Gauva,0004_0065.JPG,train\Gauva\0004_0065.JPG,1345
train,Gauva,0004_0066.JPG,train\Gauva\0004_0066.JPG,1346
train,Gauva,0004_0067.JPG,train\Gauva\0004_0067.JPG,1347
train,Gauva,0004_0068.JPG,train\Gauva\0004_0068.JPG,1348
train,Gauva,0004_0069.JPG,train\Gauva\0004_0069.JPG,1349
train,Gauva,0004_0070.JPG,train\Gauva\0004_0070.JPG,1350
train,Gauva,0004_0071.JPG,train\Gauva\0004_0071.JPG,1351
train,Gauva,0004_0072.JPG,train\Gauva\0004_0072.JPG,1352
train,Gauva,0004_0073.JPG,train\Gauva\0004_0073.JPG,1353
train,Gauva,0004_0074.JPG,train\Gauva\0004_0074.JPG,1354
train,Gauva,0004_0075.JPG,train\Gauva\0004_0075.JPG,1355
train,Gauva,0004_0076.JPG,train\Gauva\0004_0076.JPG,1356
train,Gauva,0004_0077.JPG,train\Gauva\0004_0077.JPG,1357
train,Gauva,0004_0078.JPG,train\Gauva\0004_0078.JPG,1358
train,Gauva,0004_0079.JPG,train\Gauva\0004_0079.JPG,1359
train,Gauva,0004_0080.JPG,train\Gauva\0004_0080.JPG,1360
train,Gauva,0004_0081.JPG,train\Gauva\0004_0081.JPG,1361
train,Gauva,0004_0082.JPG,train\Gauva\0004_0082.JPG,1362
train,Gauva,0004_0083.JPG,train\Gauva\0004_0083.JPG,1363
train,Gauva,0004_0084.JPG,train\Gauva\0004_0084.JPG,1364
train,Gauva,0004_0085.JPG,train\Gauva\0004_0085.JPG,1365
train,Gauva,0004_0086.JPG,train\Gauva\0004_0086.JPG,1366
train,Gauva,0004_0087.JPG,train\Gauva\0004_0087.JPG,1367
train,Gauva,0004_0088.JPG,train\Gauva\0004_0088.JPG,1368
train,Gauva,0004_0089.JPG,train\Gauva\0004_0089.JPG,1369
train,Gauva,0004_0090.JPG,train\Gauva\0004_0090.JPG,1370
train,Gauva,0004_0091.JPG,train\Gauva\0004_0091.JPG,1371
train,Gauva,0004_0092.JPG,train\Gauva\0004_0092.JPG,1372
train,Gauva,0004_0093.JPG,train\Gauva\0004_0093.JPG,1373
train,Gauva,0004_0094.JPG,train\Gauva\0004_0094.JPG,1374
train,Gauva,0004_0095.JPG,train\Gauva\0004_0095.JPG,1375
train,Gauva,0004_0096.JPG,train\Gauva\0004_0096.JPG,1376
train,Gauva,0004_0097.JPG,train\Gauva\0004_0097.JPG,1377
train,Gauva,0004_0098.JPG,train\Gauva\0004_0098.JPG,1378
train,Gauva,0004_0099.JPG,train\Gauva\0004_0099.JPG,1379
train,Gauva,0004_0100.JPG,train\Gauva\0004_0100.JPG,1380
train,Gauva,0004_0101.JPG,train\Gauva\0004_0101.JPG,1381
train,Gauva,0004_0102.JPG,train\Gauva\0004_0102.JPG,1382
train,Gauva,0004_0103.JPG,train\Gauva\0004_0103.JPG,1383
train,Gauva,0004_0104.JPG,train\Gauva\0004_0104.JPG,1384
train,Gauva,0004_0105.JPG,train\Gauva\0004_0105.JPG,1385
train,Gauva,0004_0106.JPG,train\Gauva\0004_0106.JPG,1386
train,Gauva,0004_0107.JPG,train\Gauva\0004_0107.JPG,1387
train,Gauva,0004_0108.JPG,train\Gauva\0004_0108.JPG,1388
train,Gauva,0004_0109.JPG,train\Gauva\0004_0109.JPG,1389
train,Gauva,0004_0110.JPG,train\Gauva\0004_0110.JPG,1390
train,Gauva,0004_0111.JPG,train\Gauva\0004_0111.JPG,1391
train,Gauva,0004_0112.JPG,train\Gauva\0004_0112.JPG,1392
train,Gauva,0004_0113.JPG,train\Gauva\0004_0113.JPG,1393
train,Gauva,0004_0114.JPG,train\Gauva\0004_0114.JPG,1394
train,Gauva,0004_0115.JPG,train\Gauva\0004_0115.JPG,1395
train,Gauva,0004_0116.JPG,train\Gauva\0004_0116.JPG,1396
train,Gauva,0004_0117.JPG,train\Gauva\0004_0117.JPG,1397
train,Gauva,0004_0118.JPG,train\Gauva\0004_0118.JPG,1398
train,Gauva,0004_0119.JPG,train\Gauva\0004_0119.JPG,1399
train,Gauva,0004_0120.JPG,train\Gauva\0004_0120.JPG,1400
train,Gauva,0004_0121.JPG,train\Gauva\0004_0121.JPG,1401
train,Gauva,0004_0122.JPG,train\Gauva\0004_0122.JPG,1402
train,Gauva,0004_0123.JPG,train\Gauva\0004_0123.JPG,1403
train,Gauva,0004_0124.JPG,train\Gauva\0004_0124.JPG,1404
train,Gauva,0004_0125.JPG,train\Gauva\0004_0125.JPG,1405
train,Gauva,0004_0126.JPG,train\Gauva\0004_0126.JPG,1406
train,Gauva,0004_0127.JPG,train\Gauva\0004_0127.JPG,1407
train,Gauva,0004_0128.JPG,train\Gauva\0004_0128.JPG,1408
train,Gauva,0004_0129.JPG,train\Gauva\0004_0129.JPG,1409
train,Gauva,0004_0130.JPG,train\Gauva\0004_0130.JPG,1410
train,Gauva,0004_0131.JPG,train\Gauva\0004_0131.JPG,1411
train,Gauva,0004_0132.JPG,train\Gauva\0004_0132.JPG,1412
train,Gauva,0004_0133.JPG,train\Gauva\0004_0133.JPG,1413
train,Gauva,0004_0134.JPG,train\Gauva\0004_0134.JPG,1414
train,Gauva,0004_0135.JPG,train\Gauva\0004_0135.JPG,1415
train,Gauva,0004_0136.JPG,train\Gauva\0004_0136.JPG,1416
train,Gauva,0004_0137.JPG,train\Gauva\0004_0137.JPG,1417
train,Gauva,0004_0138.JPG,train\Gauva\0004_0138.JPG,1418
train,Gauva,0004_0139.JPG,train\Gauva\0004_0139.JPG,1419
train,Gauva,0004_0140.JPG,train\Gauva\0004_0140.JPG,1420
train,Gauva,0004_0141.JPG,train\Gauva\0004_0141.JPG,1421
train,Gauva,0004_0142.JPG,train\Gauva\0004_0142.JPG,1422
train,Gauva,0004_0143.JPG,train\Gauva\0004_0143.JPG,1423
train,Gauva,0004_0144.JPG,train\Gauva\0004_0144.JPG,1424
train,Gauva,0004_0145.JPG,train\Gauva\0004_0145.JPG,1425
train,Gauva,0004_0146.JPG,train\Gauva\0004_0146.JPG,1426
train,Gauva,0004_0147.JPG,train\Gauva\0004_0147.JPG,1427
train,Gauva,0004_0148.JPG,train\Gauva\0004_0148.JPG,1428
train,Gauva,0004_0149.JPG,train\Gauva\0004_0149.JPG,1429
train,Gauva,0004_0150.JPG,train\Gauva\0004_0150.JPG,1430
train,Gauva,0004_0151.JPG,train\Gauva\0004_0151.JPG,1431
train,Gauva,0004_0152.JPG,train\Gauva\0004_0152.JPG,1432
train,Gauva,0004_0153.JPG,train\Gauva\0004_0153.JPG,1433
train,Gauva,0004_0154.JPG,train\Gauva\0004_0154.JPG,1434
train,Gauva,0004_0155.JPG,train\Gauva\0004_0155.JPG,1435
train,Gauva,0004_0156.JPG,train\Gauva\0004_0156.JPG,1436
train,Gauva,0004_0157.JPG,train\Gauva\0004_0157.JPG,1437
train,Gauva,0004_0158.JPG,train\Gauva\0004_0158.JPG,1438
train,Gauva,0004_0159.JPG,train\Gauva\0004_0159.JPG,1439
train,Gauva,0004_0160.JPG,train\Gauva\0004_0160.JPG,1440
train,Gauva,0004_0161.JPG,train\Gauva\0004_0161.JPG,1441
train,Gauva,0004_0162.JPG,train\Gauva\0004_0162.JPG,1442
train,Gauva,0004_0163.JPG,train\Gauva\0004_0163.JPG,1443
train,Gauva,0004_0164.JPG,train\Gauva\0004_0164.JPG,1444
train,Gauva,0004_0165.JPG,train\Gauva\0004_0165.JPG,1445
train,Gauva,0004_0166.JPG,train\Gauva\0004_0166.JPG,1446
train,Gauva,0004_0167.JPG,train\Gauva\0004_0167.JPG,1447
train,Gauva,0004_0168.JPG,train\Gauva\0004_0168.JPG,1448
train,Gauva,0004_0169.JPG,train\Gauva\0004_0169.JPG,1449
train,Gauva,0004_0170.JPG,train\Gauva\0004_0170.JPG,1450
train,Gauva,0004_0171.JPG,train\Gauva\0004_0171.JPG,1451
train,Gauva,0004_0172.JPG,train\Gauva\0004_0172.JPG,1452
train,Gauva,0004_0173.JPG,train\Gauva\0004_0173.JPG,1453
train,Gauva,0004_0174.JPG,train\Gauva\0004_0174.JPG,1454
train,Gauva,0004_0175.JPG,train\Gauva\0004_0175.JPG,1455
train,Gauva,0004_0176.JPG,train\Gauva\0004_0176.JPG,1456
train,Gauva,0004_0177.JPG,train\Gauva\0004_0177.JPG,1457
train,Gauva,0004_0178.JPG,train\Gauva\0004_0178.JPG,1458
train,Gauva,0004_0179.JPG,train\Gauva\0004_0179.JPG,1459
train,Gauva,0004_0180.JPG,train\Gauva\0004_0180.JPG,1460
train,Gauva,0004_0181.JPG,train\Gauva\0004_0181.JPG,1461
train,Gauva,0004_0182.JPG,train\Gauva\0004_0182.JPG,1462
train,Gauva,0004_0183.JPG,train\Gauva\0004_0183.JPG,1463
train,Gauva,0004_0184.JPG,train\Gauva\0004_0184.JPG,1464
train,Gauva,0004_0185.JPG,train\Gauva\0004_0185.JPG,1465
train,Gauva,0004_0186.JPG,train\Gauva\0004_0186.JPG,1466
train,Gauva,0004_0187.JPG,train\Gauva\0004_0187.JPG,1467
train,Gauva,0004_0188.JPG,train\Gauva\0004_0188.JPG,1468
train,Gauva,0004_0189.JPG,train\Gauva\0004_0189.JPG,1469
train,Gauva,0004_0190.JPG,train\Gauva\0004_0190.JPG,1470
train,Gauva,0004_0191.JPG,train\Gauva\0004_0191.JPG,1471
train,Gauva,0004_0192.JPG,train\Gauva\0004_0192.JPG,1472
train,Gauva,0004_0193.JPG,train\Gauva\0004_0193.JPG,1473
train,Gauva,0004_0194.JPG,train\Gauva\0004_0194.JPG,1474
train,Gauva,0004_0195.JPG,train\Gauva\0004_0195.JPG,1475
train,Gauva,0004_0196.JPG,train\Gauva\0004_0196.JPG,1476
train,Gauva,0004_0197.JPG,train\Gauva\0004_0197.JPG,1477
train,Gauva,0004_0198.JPG,train\Gauva\0004_0198.JPG,1478
train,Gauva,0004_0199.JPG,train\Gauva\0004_0199.JPG,1479
train,Gauva,0004_0200.JPG,train\Gauva\0004_0200.JPG,1480
train,Gauva,0004_0201.JPG,train\Gauva\0004_0201.JPG,1481
train,Gauva,0004_0202.JPG,train\Gauva\0004_0202.JPG,1482
train,Gauva,0004_0203.JPG,train\Gauva\0004_0203.JPG,1483
train,Gauva,0004_0204.JPG,train\Gauva\0004_0204.JPG,1484
train,Gauva,0004_0205.JPG,train\Gauva\0004_0205.JPG,1485
train,Gauva,0004_0206.JPG,train\Gauva\0004_0206.JPG,1486
train,Gauva,0004_0207.JPG,train\Gauva\0004_0207.JPG,1487
train,Gauva,0004_0208.JPG,train\Gauva\0004_0208.JPG,1488
train,Gauva,0004_0209.JPG,train\Gauva\0004_0209.JPG,1489
train,Gauva,0004_0210.JPG,train\Gauva\0004_0210.JPG,1490
train,Gauva,0004_0211.JPG,train\Gauva\0004_0211.JPG,1491
train,Gauva,0004_0212.JPG,train\Gauva\0004_0212.JPG,1492
train,Gauva,0004_0213.JPG,train\Gauva\0004_0213.JPG,1493
train,Gauva,0004_0214.JPG,train\Gauva\0004_0214.JPG,1494
train,Gauva,0004_0215.JPG,train\Gauva\0004_0215.JPG,1495
train,Gauva,0004_0216.JPG,train\Gauva\0004_0216.JPG,1496
train,Gauva,0004_0217.JPG,train\Gauva\0004_0217.JPG,1497
train,Gauva,0004_0218.JPG,train\Gauva\0004_0218.JPG,1498
train,Gauva,0004_0219.JPG,train\Gauva\0004_0219.JPG,1499
train,Gauva,0004_0220.JPG,train\Gauva\0004_0220.JPG,1500
train,Gauva,0004_0221.JPG,train\Gauva\0004_0221.JPG,1501
train,Gauva,0004_0222.JPG,train\Gauva\0004_0222.JPG,1502
train,Gauva,0004_0223.JPG,train\Gauva\0004_0223.JPG,1503
train,Gauva,0004_0224.JPG,train\Gauva\0004_0224.JPG,1504
train,Gauva,0004_0225.JPG,train\Gauva\0004_0225.JPG,1505
train,Gauva,0004_0226.JPG,train\Gauva\0004_0226.JPG,1506
train,Gauva,0004_0227.JPG,train\Gauva\0004_0227.JPG,1507
train,Gauva,0004_0228.JPG,train\Gauva\0004_0228.JPG,1508
train,Gauva,0004_0229.JPG,train\Gauva\0004_0229.JPG,1509
train,Gauva,0004_0230.JPG,train\Gauva\0004_0230.JPG,1510
train,Gauva,0004_0231.JPG,train\Gauva\0004_0231.JPG,1511
train,Gauva,0004_0232.JPG,train\Gauva\0004_0232.JPG,1512
train,Gauva,0004_0233.JPG,train\Gauva\0004_0233.JPG,1513
train,Gauva,0004_0234.JPG,train\Gauva\0004_0234.JPG,1514
train,Gauva,0004_0235.JPG,train\Gauva\0004_0235.JPG,1515
train,Gauva,0004_0236.JPG,train\Gauva\0004_0236.JPG,1516
train,Gauva,0004_0237.JPG,train\Gauva\0004_0237.JPG,1517
train,Gauva,0004_0238.JPG,train\Gauva\0004_0238.JPG,1518
train,Gauva,0004_0239.JPG,train\Gauva\0004_0239.JPG,1519
train,Gauva,0004_0240.JPG,train\Gauva\0004_0240.JPG,1520
train,Gauva,0004_0241.JPG,train\Gauva\0004_0241.JPG,1521
train,Gauva,0004_0242.JPG,train\Gauva\0004_0242.JPG,1522
train,Gauva,0004_0243.JPG,train\Gauva\0004_0243.JPG,1523
train,Gauva,0004_0244.JPG,train\Gauva\0004_0244.JPG,1524
train,Gauva,0004_0245.JPG,train\Gauva\0004_0245.JPG,1525
train,Gauva,0004_0246.JPG,train\Gauva\0004_0246.JPG,1526
train,Gauva,0004_0247.JPG,train\Gauva\0004_0247.JPG,1527
train,Gauva,0004_0248.JPG,train\Gauva\0004_0248.JPG,1528
train,Gauva,0004_0249.JPG,train\Gauva\0004_0249.JPG,1529
train,Gauva,0004_0250.JPG,train\Gauva\0004_0250.JPG,1530
train,Gauva,0004_0251.JPG,train\Gauva\0004_0251.JPG,1531
train,Gauva,0004_0252.JPG,train\Gauva\0004_0252.JPG,1532
train,Gauva,0004_0253.JPG,train\Gauva\0004_0253.JPG,1533
train,Gauva,0004_0254.JPG,train\Gauva\0004_0254.JPG,1534
train,Gauva,0004_0255.JPG,train\Gauva\0004_0255.JPG,1535
train,Gauva,0004_0256.JPG,train\Gauva\0004_0256.JPG,1536
train,Gauva,0004_0257.JPG,train\Gauva\0004_0257.JPG,1537
train,Gauva,0004_0258.JPG,train\Gauva\0004_0258.JPG,1538
train,Gauva,0004_0259.JPG,train\Gauva\0004_0259.JPG,1539
train,Gauva,0004_0260.JPG,train\Gauva\0004_0260.JPG,1540
train,Gauva,0004_0261.JPG,train\Gauva\0004_0261.JPG,1541
train,Gauva,0004_0262.JPG,train\Gauva\0004_0262.JPG,1542
train,Gauva,0004_0263.JPG,train\Gauva\0004_0263.JPG,1543
train,Gauva,0004_0264.JPG,train\Gauva\0004_0264.JPG,1544
train,Gauva,0004_0265.JPG,train\Gauva\0004_0265.JPG,1545
train,Gauva,0004_0266.JPG,train\Gauva\0004_0266.JPG,1546
train,Gauva,0004_0267.JPG,train\Gauva\0004_0267.JPG,1547
train,Gauva,0004_0268.JPG,train\Gauva\0004_0268.JPG,1548
train,Gauva,0004_0269.JPG,train\Gauva\0004_0269.JPG,1549
train,Gauva,0004_0270.JPG,train\Gauva\0004_0270.JPG,1550
train,Gauva,0004_0271.JPG,train\Gauva\0004_0271.JPG,1551
train,Gauva,0004_0272.JPG,train\Gauva\0004_0272.JPG,1552
train,Gauva,0004_0273.JPG,train\Gauva\0004_0273.JPG,1553
train,Gauva,0004_0274.JPG,train\Gauva\0004_0274.JPG,1554
train,Gauva,0004_0275.JPG,train\Gauva\0004_0275.JPG,1555
train,Gauva,0004_0276.JPG,train\Gauva\0004_0276.JPG,1556
train,Gauva,0004_0277.JPG,train\Gauva\0004_0277.JPG,1557
train,Gauva,0015_0011.JPG,train\Gauva\0015_0011.JPG,1558
train,Gauva,0015_0012.JPG,train\Gauva\0015_0012.JPG,1559
train,Gauva,0015_0013.JPG,train\Gauva\0015_0013.JPG,1560
train,Gauva,0015_0014.JPG,train\Gauva\0015_0014.JPG,1561
train,Gauva,0015_0015.JPG,train\Gauva\0015_0015.JPG,1562
train,Gauva,0015_0016.JPG,train\Gauva\0015_0016.JPG,1563
train,Gauva,0015_0017.JPG,train\Gauva\0015_0017.JPG,1564
train,Gauva,0015_0018.JPG,train\Gauva\0015_0018.JPG,1565
train,Gauva,0015_0019.JPG,train\Gauva\0015_0019.JPG,1566
train,Gauva,0015_0020.JPG,train\Gauva\0015_0020.JPG,1567
train,Gauva,0015_0021.JPG,train\Gauva\0015_0021.JPG,1568
train,Gauva,0015_0022.JPG,train\Gauva\0015_0022.JPG,1569
train,Gauva,0015_0023.JPG,train\Gauva\0015_0023.JPG,1570
train,Gauva,0015_0024.JPG,train\Gauva\0015_0024.JPG,1571
train,Gauva,0015_0025.JPG,train\Gauva\0015_0025.JPG,1572
train,Gauva,0015_0026.JPG,train\Gauva\0015_0026.JPG,1573
train,Gauva,0015_0027.JPG,train\Gauva\0015_0027.JPG,1574
train,Gauva,0015_0028.JPG,train\Gauva\0015_0028.JPG,1575
train,Gauva,0015_0029.JPG,train\Gauva\0015_0029.JPG,1576
train,Gauva,0015_0030.JPG,train\Gauva\0015_0030.JPG,1577
train,Gauva,0015_0031.JPG,train\Gauva\0015_0031.JPG,1578
train,Gauva,0015_0032.JPG,train\Gauva\0015_0032.JPG,1579
train,Gauva,0015_0033.JPG,train\Gauva\0015_0033.JPG,1580
train,Gauva,0015_0034.JPG,train\Gauva\0015_0034.JPG,1581
train,Gauva,0015_0035.JPG,train\Gauva\0015_0035.JPG,1582
train,Gauva,0015_0036.JPG,train\Gauva\0015_0036.JPG,1583
train,Gauva,0015_0037.JPG,train\Gauva\0015_0037.JPG,1584
train,Gauva,0015_0038.JPG,train\Gauva\0015_0038.JPG,1585
train,Gauva,0015_0039.JPG,train\Gauva\0015_0039.JPG,1586
train,Gauva,0015_0040.JPG,train\Gauva\0015_0040.JPG,1587
train,Gauva,0015_0041.JPG,train\Gauva\0015_0041.JPG,1588
train,Gauva,0015_0042.JPG,train\Gauva\0015_0042.JPG,1589
train,Gauva,0015_0043.JPG,train\Gauva\0015_0043.JPG,1590
train,Gauva,0015_0044.JPG,train\Gauva\0015_0044.JPG,1591
train,Gauva,0015_0045.JPG,train\Gauva\0015_0045.JPG,1592
train,Gauva,0015_0046.JPG,train\Gauva\0015_0046.JPG,1593
train,Gauva,0015_0047.JPG,train\Gauva\0015_0047.JPG,1594
train,Gauva,0015_0048.JPG,train\Gauva\0015_0048.JPG,1595
train,Gauva,0015_0049.JPG,train\Gauva\0015_0049.JPG,1596
train,Gauva,0015_0050.JPG,train\Gauva\0015_0050.JPG,1597
train,Gauva,0015_0051.JPG,train\Gauva\0015_0051.JPG,1598
train,Gauva,0015_0052.JPG,train\Gauva\0015_0052.JPG,1599
train,Gauva,0015_0053.JPG,train\Gauva\0015_0053.JPG,1600
train,Gauva,0015_0054.JPG,train\Gauva\0015_0054.JPG,1601
train,Gauva,0015_0055.JPG,train\Gauva\0015_0055.JPG,1602
train,Gauva,0015_0056.JPG,train\Gauva\0015_0056.JPG,1603
train,Gauva,0015_0057.JPG,train\Gauva\0015_0057.JPG,1604
train,Gauva,0015_0058.JPG,train\Gauva\0015_0058.JPG,1605
train,Gauva,0015_0059.JPG,train\Gauva\0015_0059.JPG,1606
train,Gauva,0015_0060.JPG,train\Gauva\0015_0060.JPG,1607
train,Gauva,0015_0061.JPG,train\Gauva\0015_0061.JPG,1608
train,Gauva,0015_0062.JPG,train\Gauva\0015_0062.JPG,1609
train,Gauva,0015_0063.JPG,train\Gauva\0015_0063.JPG,1610
train,Gauva,0015_0064.JPG,train\Gauva\0015_0064.JPG,1611
train,Gauva,0015_0065.JPG,train\Gauva\0015_0065.JPG,1612
train,Gauva,0015_0066.JPG,train\Gauva\0015_0066.JPG,1613
train,Gauva,0015_0067.JPG,train\Gauva\0015_0067.JPG,1614
train,Gauva,0015_0068.JPG,train\Gauva\0015_0068.JPG,1615
train,Gauva,0015_0069.JPG,train\Gauva\0015_0069.JPG,1616
train,Gauva,0015_0070.JPG,train\Gauva\0015_0070.JPG,1617
train,Gauva,0015_0071.JPG,train\Gauva\0015_0071.JPG,1618
train,Gauva,0015_0072.JPG,train\Gauva\0015_0072.JPG,1619
train,Gauva,0015_0073.JPG,train\Gauva\0015_0073.JPG,1620
train,Gauva,0015_0074.JPG,train\Gauva\0015_0074.JPG,1621
train,Gauva,0015_0075.JPG,train\Gauva\0015_0075.JPG,1622
train,Gauva,0015_0076.JPG,train\Gauva\0015_0076.JPG,1623
train,Gauva,0015_0077.JPG,train\Gauva\0015_0077.JPG,1624
train,Gauva,0015_0078.JPG,train\Gauva\0015_0078.JPG,1625
train,Gauva,0015_0079.JPG,train\Gauva\0015_0079.JPG,1626
train,Gauva,0015_0080.JPG,train\Gauva\0015_0080.JPG,1627
train,Gauva,0015_0081.JPG,train\Gauva\0015_0081.JPG,1628
train,Gauva,0015_0082.JPG,train\Gauva\0015_0082.JPG,1629
train,Gauva,0015_0083.JPG,train\Gauva\0015_0083.JPG,1630
train,Gauva,0015_0084.JPG,train\Gauva\0015_0084.JPG,1631
train,Gauva,0015_0085.JPG,train\Gauva\0015_0085.JPG,1632
train,Gauva,0015_0086.JPG,train\Gauva\0015_0086.JPG,1633
train,Gauva,0015_0087.JPG,train\Gauva\0015_0087.JPG,1634
train,Gauva,0015_0088.JPG,train\Gauva\0015_0088.JPG,1635
train,Gauva,0015_0089.JPG,train\Gauva\0015_0089.JPG,1636
train,Gauva,0015_0090.JPG,train\Gauva\0015_0090.JPG,1637
train,Gauva,0015_0091.JPG,train\Gauva\0015_0091.JPG,1638
train,Gauva,0015_0092.JPG,train\Gauva\0015_0092.JPG,1639
train,Gauva,0015_0093.JPG,train\Gauva\0015_0093.JPG,1640
train,Gauva,0015_0094.JPG,train\Gauva\0015_0094.JPG,1641
train,Gauva,0015_0095.JPG,train\Gauva\0015_0095.JPG,1642
train,Gauva,0015_0096.JPG,train\Gauva\0015_0096.JPG,1643
train,Gauva,0015_0097.JPG,train\Gauva\0015_0097.JPG,1644
train,Gauva,0015_0098.JPG,train\Gauva\0015_0098.JPG,1645
train,Gauva,0015_0099.JPG,train\Gauva\0015_0099.JPG,1646
train,Gauva,0015_0100.JPG,train\Gauva\0015_0100.JPG,1647
train,Gauva,0015_0101.JPG,train\Gauva\0015_0101.JPG,1648
train,Gauva,0015_0102.JPG,train\Gauva\0015_0102.JPG,1649
train,Gauva,0015_0103.JPG,train\Gauva\0015_0103.JPG,1650
train,Gauva,0015_0104.JPG,train\Gauva\0015_0104.JPG,1651
train,Gauva,0015_0105.JPG,train\Gauva\0015_0105.JPG,1652
train,Gauva,0015_0106.JPG,train\Gauva\0015_0106.JPG,1653
train,Gauva,0015_0107.JPG,train\Gauva\0015_0107.JPG,1654
train,Gauva,0015_0108.JPG,train\Gauva\0015_0108.JPG,1655
train,Gauva,0015_0109.JPG,train\Gauva\0015_0109.JPG,1656
train,Gauva,0015_0110.JPG,train\Gauva\0015_0110.JPG,1657
train,Gauva,0015_0111.JPG,train\Gauva\0015_0111.JPG,1658
train,Gauva,0015_0112.JPG,train\Gauva\0015_0112.JPG,1659
train,Gauva,0015_0113.JPG,train\Gauva\0015_0113.JPG,1660
train,Gauva,0015_0114.JPG,train\Gauva\0015_0114.JPG,1661
train,Gauva,0015_0115.JPG,train\Gauva\0015_0115.JPG,1662
train,Gauva,0015_0116.JPG,train\Gauva\0015_0116.JPG,1663
train,Gauva,0015_0117.JPG,train\Gauva\0015_0117.JPG,1664
train,Gauva,0015_0118.JPG,train\Gauva\0015_0118.JPG,1665
train,Gauva,0015_0119.JPG,train\Gauva\0015_0119.JPG,1666
train,Gauva,0015_0120.JPG,train\Gauva\0015_0120.JPG,1667
train,Gauva,0015_0121.JPG,train\Gauva\0015_0121.JPG,1668
train,Gauva,0015_0122.JPG,train\Gauva\0015_0122.JPG,1669
train,Gauva,0015_0124.JPG,train\Gauva\0015_0124.JPG,1670
train,Gauva,0015_0125.JPG,train\Gauva\0015_0125.JPG,1671
train,Gauva,0015_0126.JPG,train\Gauva\0015_0126.JPG,1672
train,Gauva,0015_0127.JPG,train\Gauva\0015_0127.JPG,1673
train,Gauva,0015_0128.JPG,train\Gauva\0015_0128.JPG,1674
train,Gauva,0015_0129.JPG,train\Gauva\0015_0129.JPG,1675
train,Gauva,0015_0130.JPG,train\Gauva\0015_0130.JPG,1676
train,Gauva,0015_0131.JPG,train\Gauva\0015_0131.JPG,1677
train,Gauva,0015_0132.JPG,train\Gauva\0015_0132.JPG,1678
train,Gauva,0015_0133.JPG,train\Gauva\0015_0133.JPG,1679
train,Gauva,0015_0134.JPG,train\Gauva\0015_0134.JPG,1680
train,Gauva,0015_0135.JPG,train\Gauva\0015_0135.JPG,1681
train,Gauva,0015_0136.JPG,train\Gauva\0015_0136.JPG,1682
train,Gauva,0015_0137.JPG,train\Gauva\0015_0137.JPG,1683
train,Gauva,0015_0138.JPG,train\Gauva\0015_0138.JPG,1684
train,Gauva,0015_0139.JPG,train\Gauva\0015_0139.JPG,1685
train,Gauva,0015_0140.JPG,train\Gauva\0015_0140.JPG,1686
train,Gauva,0015_0141.JPG,train\Gauva\0015_0141.JPG,1687
train,Gauva,0015_0142.JPG,train\Gauva\0015_0142.JPG,1688
train,Jamun,0005_0011.JPG,train\Jamun\0005_0011.JPG,1689
train,Jamun,0005_0012.JPG,train\Jamun\0005_0012.JPG,1690
train,Jamun,0005_0013.JPG,train\Jamun\0005_0013.JPG,1691
train,Jamun,0005_0014.JPG,train\Jamun\0005_0014.JPG,1692
train,Jamun,0005_0015.JPG,train\Jamun\0005_0015.JPG,1693
train,Jamun,0005_0016.JPG,train\Jamun\0005_0016.JPG,1694
train,Jamun,0005_0017.JPG,train\Jamun\0005_0017.JPG,1695
train,Jamun,0005_0018.JPG,train\Jamun\0005_0018.JPG,1696
train,Jamun,0005_0019.JPG,train\Jamun\0005_0019.JPG,1697
train,Jamun,0005_0020.JPG,train\Jamun\0005_0020.JPG,1698
train,Jamun,0005_0021.JPG,train\Jamun\0005_0021.JPG,1699
train,Jamun,0005_0022.JPG,train\Jamun\0005_0022.JPG,1700
train,Jamun,0005_0023.JPG,train\Jamun\0005_0023.JPG,1701
train,Jamun,0005_0024.JPG,train\Jamun\0005_0024.JPG,1702
train,Jamun,0005_0025.JPG,train\Jamun\0005_0025.JPG,1703
train,Jamun,0005_0026.JPG,train\Jamun\0005_0026.JPG,1704
train,Jamun,0005_0027.JPG,train\Jamun\0005_0027.JPG,1705
train,Jamun,0005_0028.JPG,train\Jamun\0005_0028.JPG,1706
train,Jamun,0005_0029.JPG,train\Jamun\0005_0029.JPG,1707
train,Jamun,0005_0030.JPG,train\Jamun\0005_0030.JPG,1708
train,Jamun,0005_0031.JPG,train\Jamun\0005_0031.JPG,1709
train,Jamun,0005_0032.JPG,train\Jamun\0005_0032.JPG,1710
train,Jamun,0005_0033.JPG,train\Jamun\0005_0033.JPG,1711
train,Jamun,0005_0034.JPG,train\Jamun\0005_0034.JPG,1712
train,Jamun,0005_0035.JPG,train\Jamun\0005_0035.JPG,1713
train,Jamun,0005_0036.JPG,train\Jamun\0005_0036.JPG,1714
train,Jamun,0005_0037.JPG,train\Jamun\0005_0037.JPG,1715
train,Jamun,0005_0038.JPG,train\Jamun\0005_0038.JPG,1716
train,Jamun,0005_0039.JPG,train\Jamun\0005_0039.JPG,1717
train,Jamun,0005_0040.JPG,train\Jamun\0005_0040.JPG,1718
train,Jamun,0005_0041.JPG,train\Jamun\0005_0041.JPG,1719
train,Jamun,0005_0042.JPG,train\Jamun\0005_0042.JPG,1720
train,Jamun,0005_0043.JPG,train\Jamun\0005_0043.JPG,1721
train,Jamun,0005_0044.JPG,train\Jamun\0005_0044.JPG,1722
train,Jamun,0005_0045.JPG,train\Jamun\0005_0045.JPG,1723
train,Jamun,0005_0046.JPG,train\Jamun\0005_0046.JPG,1724
train,Jamun,0005_0047.JPG,train\Jamun\0005_0047.JPG,1725
train,Jamun,0005_0048.JPG,train\Jamun\0005_0048.JPG,1726
train,Jamun,0005_0049.JPG,train\Jamun\0005_0049.JPG,1727
train,Jamun,0005_0050.JPG,train\Jamun\0005_0050.JPG,1728
train,Jamun,0005_0051.JPG,train\Jamun\0005_0051.JPG,1729
train,Jamun,0005_0052.JPG,train\Jamun\0005_0052.JPG,1730
train,Jamun,0005_0053.JPG,train\Jamun\0005_0053.JPG,1731
train,Jamun,0005_0054.JPG,train\Jamun\0005_0054.JPG,1732
train,Jamun,0005_0055.JPG,train\Jamun\0005_0055.JPG,1733
train,Jamun,0005_0056.JPG,train\Jamun\0005_0056.JPG,1734
train,Jamun,0005_0057.JPG,train\Jamun\0005_0057.JPG,1735
train,Jamun,0005_0058.JPG,train\Jamun\0005_0058.JPG,1736
train,Jamun,0005_0059.JPG,train\Jamun\0005_0059.JPG,1737
train,Jamun,0005_0060.JPG,train\Jamun\0005_0060.JPG,1738
train,Jamun,0005_0061.JPG,train\Jamun\0005_0061.JPG,1739
train,Jamun,0005_0062.JPG,train\Jamun\0005_0062.JPG,1740
train,Jamun,0005_0063.JPG,train\Jamun\0005_0063.JPG,1741
train,Jamun,0005_0064.JPG,train\Jamun\0005_0064.JPG,1742
train,Jamun,0005_0065.JPG,train\Jamun\0005_0065.JPG,1743
train,Jamun,0005_0066.JPG,train\Jamun\0005_0066.JPG,1744
train,Jamun,0005_0067.JPG,train\Jamun\0005_0067.JPG,1745
train,Jamun,0005_0068.JPG,train\Jamun\0005_0068.JPG,1746
train,Jamun,0005_0069.JPG,train\Jamun\0005_0069.JPG,1747
train,Jamun,0005_0070.JPG,train\Jamun\0005_0070.JPG,1748
train,Jamun,0005_0071.JPG,train\Jamun\0005_0071.JPG,1749
train,Jamun,0005_0072.JPG,train\Jamun\0005_0072.JPG,1750
train,Jamun,0005_0073.JPG,train\Jamun\0005_0073.JPG,1751
train,Jamun,0005_0074.JPG,train\Jamun\0005_0074.JPG,1752
train,Jamun,0005_0075.JPG,train\Jamun\0005_0075.JPG,1753
train,Jamun,0005_0076.JPG,train\Jamun\0005_0076.JPG,1754
train,Jamun,0005_0077.JPG,train\Jamun\0005_0077.JPG,1755
train,Jamun,0005_0078.JPG,train\Jamun\0005_0078.JPG,1756
train,Jamun,0005_0079.JPG,train\Jamun\0005_0079.JPG,1757
train,Jamun,0005_0080.JPG,train\Jamun\0005_0080.JPG,1758
train,Jamun,0005_0081.JPG,train\Jamun\0005_0081.JPG,1759
train,Jamun,0005_0082.JPG,train\Jamun\0005_0082.JPG,1760
train,Jamun,0005_0083.JPG,train\Jamun\0005_0083.JPG,1761
train,Jamun,0005_0084.JPG,train\Jamun\0005_0084.JPG,1762
train,Jamun,0005_0085.JPG,train\Jamun\0005_0085.JPG,1763
train,Jamun,0005_0086.JPG,train\Jamun\0005_0086.JPG,1764
train,Jamun,0005_0087.JPG,train\Jamun\0005_0087.JPG,1765
train,Jamun,0005_0088.JPG,train\Jamun\0005_0088.JPG,1766
train,Jamun,0005_0089.JPG,train\Jamun\0005_0089.JPG,1767
train,Jamun,0005_0090.JPG,train\Jamun\0005_0090.JPG,1768
train,Jamun,0005_0091.JPG,train\Jamun\0005_0091.JPG,1769
train,Jamun,0005_0092.JPG,train\Jamun\0005_0092.JPG,1770
train,Jamun,0005_0093.JPG,train\Jamun\0005_0093.JPG,1771
train,Jamun,0005_0094.JPG,train\Jamun\0005_0094.JPG,1772
train,Jamun,0005_0095.JPG,train\Jamun\0005_0095.JPG,1773
train,Jamun,0005_0096.JPG,train\Jamun\0005_0096.JPG,1774
train,Jamun,0005_0097.JPG,train\Jamun\0005_0097.JPG,1775
train,Jamun,0005_0098.JPG,train\Jamun\0005_0098.JPG,1776
train,Jamun,0005_0099.JPG,train\Jamun\0005_0099.JPG,1777
train,Jamun,0005_0100.JPG,train\Jamun\0005_0100.JPG,1778
train,Jamun,0005_0101.JPG,train\Jamun\0005_0101.JPG,1779
train,Jamun,0005_0102.JPG,train\Jamun\0005_0102.JPG,1780
train,Jamun,0005_0103.JPG,train\Jamun\0005_0103.JPG,1781
train,Jamun,0005_0104.JPG,train\Jamun\0005_0104.JPG,1782
train,Jamun,0005_0105.JPG,train\Jamun\0005_0105.JPG,1783
train,Jamun,0005_0106.JPG,train\Jamun\0005_0106.JPG,1784
train,Jamun,0005_0107.JPG,train\Jamun\0005_0107.JPG,1785
train,Jamun,0005_0108.JPG,train\Jamun\0005_0108.JPG,1786
train,Jamun,0005_0109.JPG,train\Jamun\0005_0109.JPG,1787
train,Jamun,0005_0110.JPG,train\Jamun\0005_0110.JPG,1788
train,Jamun,0005_0111.JPG,train\Jamun\0005_0111.JPG,1789
train,Jamun,0005_0112.JPG,train\Jamun\0005_0112.JPG,1790
train,Jamun,0005_0113.JPG,train\Jamun\0005_0113.JPG,1791
train,Jamun,0005_0114.JPG,train\Jamun\0005_0114.JPG,1792
train,Jamun,0005_0115.JPG,train\Jamun\0005_0115.JPG,1793
train,Jamun,0005_0116.JPG,train\Jamun\0005_0116.JPG,1794
train,Jamun,0005_0117.JPG,train\Jamun\0005_0117.JPG,1795
train,Jamun,0005_0118.JPG,train\Jamun\0005_0118.JPG,1796
train,Jamun,0005_0119.JPG,train\Jamun\0005_0119.JPG,1797
train,Jamun,0005_0120.JPG,train\Jamun\0005_0120.JPG,1798
train,Jamun,0005_0121.JPG,train\Jamun\0005_0121.JPG,1799
train,Jamun,0005_0122.JPG,train\Jamun\0005_0122.JPG,1800
train,Jamun,0005_0123.JPG,train\Jamun\0005_0123.JPG,1801
train,Jamun,0005_0124.JPG,train\Jamun\0005_0124.JPG,1802
train,Jamun,0005_0125.JPG,train\Jamun\0005_0125.JPG,1803
train,Jamun,0005_0126.JPG,train\Jamun\0005_0126.JPG,1804
train,Jamun,0005_0127.JPG,train\Jamun\0005_0127.JPG,1805
train,Jamun,0005_0128.JPG,train\Jamun\0005_0128.JPG,1806
train,Jamun,0005_0129.JPG,train\Jamun\0005_0129.JPG,1807
train,Jamun,0005_0130.JPG,train\Jamun\0005_0130.JPG,1808
train,Jamun,0005_0131.JPG,train\Jamun\0005_0131.JPG,1809
train,Jamun,0005_0132.JPG,train\Jamun\0005_0132.JPG,1810
train,Jamun,0005_0133.JPG,train\Jamun\0005_0133.JPG,1811
train,Jamun,0005_0134.JPG,train\Jamun\0005_0134.JPG,1812
train,Jamun,0005_0135.JPG,train\Jamun\0005_0135.JPG,1813
train,Jamun,0005_0136.JPG,train\Jamun\0005_0136.JPG,1814
train,Jamun,0005_0137.JPG,train\Jamun\0005_0137.JPG,1815
train,Jamun,0005_0138.JPG,train\Jamun\0005_0138.JPG,1816
train,Jamun,0005_0139.JPG,train\Jamun\0005_0139.JPG,1817
train,Jamun,0005_0140.JPG,train\Jamun\0005_0140.JPG,1818
train,Jamun,0005_0141.JPG,train\Jamun\0005_0141.JPG,1819
train,Jamun,0005_0142.JPG,train\Jamun\0005_0142.JPG,1820
train,Jamun,0005_0143.JPG,train\Jamun\0005_0143.JPG,1821
train,Jamun,0005_0144.JPG,train\Jamun\0005_0144.JPG,1822
train,Jamun,0005_0145.JPG,train\Jamun\0005_0145.JPG,1823
train,Jamun,0005_0146.JPG,train\Jamun\0005_0146.JPG,1824
train,Jamun,0005_0147.JPG,train\Jamun\0005_0147.JPG,1825
train,Jamun,0005_0148.JPG,train\Jamun\0005_0148.JPG,1826
train,Jamun,0005_0149.JPG,train\Jamun\0005_0149.JPG,1827
train,Jamun,0005_0150.JPG,train\Jamun\0005_0150.JPG,1828
train,Jamun,0005_0151.JPG,train\Jamun\0005_0151.JPG,1829
train,Jamun,0005_0152.JPG,train\Jamun\0005_0152.JPG,1830
train,Jamun,0005_0153.JPG,train\Jamun\0005_0153.JPG,1831
train,Jamun,0005_0154.JPG,train\Jamun\0005_0154.JPG,1832
train,Jamun,0005_0155.JPG,train\Jamun\0005_0155.JPG,1833
train,Jamun,0005_0156.JPG,train\Jamun\0005_0156.JPG,1834
train,Jamun,0005_0157.JPG,train\Jamun\0005_0157.JPG,1835
train,Jamun,0005_0158.JPG,train\Jamun\0005_0158.JPG,1836
train,Jamun,0005_0159.JPG,train\Jamun\0005_0159.JPG,1837
train,Jamun,0005_0160.JPG,train\Jamun\0005_0160.JPG,1838
train,Jamun,0005_0161.JPG,train\Jamun\0005_0161.JPG,1839
train,Jamun,0005_0162.JPG,train\Jamun\0005_0162.JPG,1840
train,Jamun,0005_0163.JPG,train\Jamun\0005_0163.JPG,1841
train,Jamun,0005_0164.JPG,train\Jamun\0005_0164.JPG,1842
train,Jamun,0005_0165.JPG,train\Jamun\0005_0165.JPG,1843
train,Jamun,0005_0166.JPG,train\Jamun\0005_0166.JPG,1844
train,Jamun,0005_0167.JPG,train\Jamun\0005_0167.JPG,1845
train,Jamun,0005_0168.JPG,train\Jamun\0005_0168.JPG,1846
train,Jamun,0005_0169.JPG,train\Jamun\0005_0169.JPG,1847
train,Jamun,0005_0170.JPG,train\Jamun\0005_0170.JPG,1848
train,Jamun,0005_0171.JPG,train\Jamun\0005_0171.JPG,1849
train,Jamun,0005_0172.JPG,train\Jamun\0005_0172.JPG,1850
train,Jamun,0005_0173.JPG,train\Jamun\0005_0173.JPG,1851
train,Jamun,0005_0174.JPG,train\Jamun\0005_0174.JPG,1852
train,Jamun,0005_0175.JPG,train\Jamun\0005_0175.JPG,1853
train,Jamun,0005_0176.JPG,train\Jamun\0005_0176.JPG,1854
train,Jamun,0005_0177.JPG,train\Jamun\0005_0177.JPG,1855
train,Jamun,0005_0178.JPG,train\Jamun\0005_0178.JPG,1856
train,Jamun,0005_0179.JPG,train\Jamun\0005_0179.JPG,1857
train,Jamun,0005_0180.JPG,train\Jamun\0005_0180.JPG,1858
train,Jamun,0005_0181.JPG,train\Jamun\0005_0181.JPG,1859
train,Jamun,0005_0182.JPG,train\Jamun\0005_0182.JPG,1860
train,Jamun,0005_0183.JPG,train\Jamun\0005_0183.JPG,1861
train,Jamun,0005_0184.JPG,train\Jamun\0005_0184.JPG,1862
train,Jamun,0005_0185.JPG,train\Jamun\0005_0185.JPG,1863
train,Jamun,0005_0186.JPG,train\Jamun\0005_0186.JPG,1864
train,Jamun,0005_0187.JPG,train\Jamun\0005_0187.JPG,1865
train,Jamun,0005_0188.JPG,train\Jamun\0005_0188.JPG,1866
train,Jamun,0005_0189.JPG,train\Jamun\0005_0189.JPG,1867
train,Jamun,0005_0190.JPG,train\Jamun\0005_0190.JPG,1868
train,Jamun,0005_0191.JPG,train\Jamun\0005_0191.JPG,1869
train,Jamun,0005_0192.JPG,train\Jamun\0005_0192.JPG,1870
train,Jamun,0005_0193.JPG,train\Jamun\0005_0193.JPG,1871
train,Jamun,0005_0194.JPG,train\Jamun\0005_0194.JPG,1872
train,Jamun,0005_0195.JPG,train\Jamun\0005_0195.JPG,1873
train,Jamun,0005_0196.JPG,train\Jamun\0005_0196.JPG,1874
train,Jamun,0005_0197.JPG,train\Jamun\0005_0197.JPG,1875
train,Jamun,0005_0198.JPG,train\Jamun\0005_0198.JPG,1876
train,Jamun,0005_0199.JPG,train\Jamun\0005_0199.JPG,1877
train,Jamun,0005_0200.JPG,train\Jamun\0005_0200.JPG,1878
train,Jamun,0005_0201.JPG,train\Jamun\0005_0201.JPG,1879
train,Jamun,0005_0202.JPG,train\Jamun\0005_0202.JPG,1880
train,Jamun,0005_0203.JPG,train\Jamun\0005_0203.JPG,1881
train,Jamun,0005_0204.JPG,train\Jamun\0005_0204.JPG,1882
train,Jamun,0005_0205.JPG,train\Jamun\0005_0205.JPG,1883
train,Jamun,0005_0206.JPG,train\Jamun\0005_0206.JPG,1884
train,Jamun,0005_0207.JPG,train\Jamun\0005_0207.JPG,1885
train,Jamun,0005_0208.JPG,train\Jamun\0005_0208.JPG,1886
train,Jamun,0005_0209.JPG,train\Jamun\0005_0209.JPG,1887
train,Jamun,0005_0210.JPG,train\Jamun\0005_0210.JPG,1888
train,Jamun,0005_0211.JPG,train\Jamun\0005_0211.JPG,1889
train,Jamun,0005_0212.JPG,train\Jamun\0005_0212.JPG,1890
train,Jamun,0005_0213.JPG,train\Jamun\0005_0213.JPG,1891
train,Jamun,0005_0214.JPG,train\Jamun\0005_0214.JPG,1892
train,Jamun,0005_0215.JPG,train\Jamun\0005_0215.JPG,1893
train,Jamun,0005_0216.JPG,train\Jamun\0005_0216.JPG,1894
train,Jamun,0005_0217.JPG,train\Jamun\0005_0217.JPG,1895
train,Jamun,0005_0218.JPG,train\Jamun\0005_0218.JPG,1896
train,Jamun,0005_0219.JPG,train\Jamun\0005_0219.JPG,1897
train,Jamun,0005_0220.JPG,train\Jamun\0005_0220.JPG,1898
train,Jamun,0005_0221.JPG,train\Jamun\0005_0221.JPG,1899
train,Jamun,0005_0222.JPG,train\Jamun\0005_0222.JPG,1900
train,Jamun,0005_0223.JPG,train\Jamun\0005_0223.JPG,1901
train,Jamun,0005_0224.JPG,train\Jamun\0005_0224.JPG,1902
train,Jamun,0005_0225.JPG,train\Jamun\0005_0225.JPG,1903
train,Jamun,0005_0226.JPG,train\Jamun\0005_0226.JPG,1904
train,Jamun,0005_0227.JPG,train\Jamun\0005_0227.JPG,1905
train,Jamun,0005_0228.JPG,train\Jamun\0005_0228.JPG,1906
train,Jamun,0005_0229.JPG,train\Jamun\0005_0229.JPG,1907
train,Jamun,0005_0230.JPG,train\Jamun\0005_0230.JPG,1908
train,Jamun,0005_0231.JPG,train\Jamun\0005_0231.JPG,1909
train,Jamun,0005_0232.JPG,train\Jamun\0005_0232.JPG,1910
train,Jamun,0005_0233.JPG,train\Jamun\0005_0233.JPG,1911
train,Jamun,0005_0234.JPG,train\Jamun\0005_0234.JPG,1912
train,Jamun,0005_0235.JPG,train\Jamun\0005_0235.JPG,1913
train,Jamun,0005_0236.JPG,train\Jamun\0005_0236.JPG,1914
train,Jamun,0005_0237.JPG,train\Jamun\0005_0237.JPG,1915
train,Jamun,0005_0238.JPG,train\Jamun\0005_0238.JPG,1916
train,Jamun,0005_0239.JPG,train\Jamun\0005_0239.JPG,1917
train,Jamun,0005_0240.JPG,train\Jamun\0005_0240.JPG,1918
train,Jamun,0005_0241.JPG,train\Jamun\0005_0241.JPG,1919
train,Jamun,0005_0242.JPG,train\Jamun\0005_0242.JPG,1920
train,Jamun,0005_0243.JPG,train\Jamun\0005_0243.JPG,1921
train,Jamun,0005_0244.JPG,train\Jamun\0005_0244.JPG,1922
train,Jamun,0005_0245.JPG,train\Jamun\0005_0245.JPG,1923
train,Jamun,0005_0246.JPG,train\Jamun\0005_0246.JPG,1924
train,Jamun,0005_0247.JPG,train\Jamun\0005_0247.JPG,1925
train,Jamun,0005_0248.JPG,train\Jamun\0005_0248.JPG,1926
train,Jamun,0005_0249.JPG,train\Jamun\0005_0249.JPG,1927
train,Jamun,0005_0250.JPG,train\Jamun\0005_0250.JPG,1928
train,Jamun,0005_0251.JPG,train\Jamun\0005_0251.JPG,1929
train,Jamun,0005_0252.JPG,train\Jamun\0005_0252.JPG,1930
train,Jamun,0005_0253.JPG,train\Jamun\0005_0253.JPG,1931
train,Jamun,0005_0254.JPG,train\Jamun\0005_0254.JPG,1932
train,Jamun,0005_0255.JPG,train\Jamun\0005_0255.JPG,1933
train,Jamun,0005_0256.JPG,train\Jamun\0005_0256.JPG,1934
train,Jamun,0005_0257.JPG,train\Jamun\0005_0257.JPG,1935
train,Jamun,0005_0258.JPG,train\Jamun\0005_0258.JPG,1936
train,Jamun,0005_0259.JPG,train\Jamun\0005_0259.JPG,1937
train,Jamun,0005_0260.JPG,train\Jamun\0005_0260.JPG,1938
train,Jamun,0005_0261.JPG,train\Jamun\0005_0261.JPG,1939
train,Jamun,0005_0262.JPG,train\Jamun\0005_0262.JPG,1940
train,Jamun,0005_0263.JPG,train\Jamun\0005_0263.JPG,1941
train,Jamun,0005_0264.JPG,train\Jamun\0005_0264.JPG,1942
train,Jamun,0005_0265.JPG,train\Jamun\0005_0265.JPG,1943
train,Jamun,0005_0266.JPG,train\Jamun\0005_0266.JPG,1944
train,Jamun,0005_0267.JPG,train\Jamun\0005_0267.JPG,1945
train,Jamun,0005_0269.JPG,train\Jamun\0005_0269.JPG,1946
train,Jamun,0005_0270.JPG,train\Jamun\0005_0270.JPG,1947
train,Jamun,0005_0271.JPG,train\Jamun\0005_0271.JPG,1948
train,Jamun,0005_0272.JPG,train\Jamun\0005_0272.JPG,1949
train,Jamun,0005_0273.JPG,train\Jamun\0005_0273.JPG,1950
train,Jamun,0005_0274.JPG,train\Jamun\0005_0274.JPG,1951
train,Jamun,0005_0275.JPG,train\Jamun\0005_0275.JPG,1952
train,Jamun,0005_0276.JPG,train\Jamun\0005_0276.JPG,1953
train,Jamun,0005_0277.JPG,train\Jamun\0005_0277.JPG,1954
train,Jamun,0005_0278.JPG,train\Jamun\0005_0278.JPG,1955
train,Jamun,0005_0279.JPG,train\Jamun\0005_0279.JPG,1956
train,Jamun,0017_0011.JPG,train\Jamun\0017_0011.JPG,1957
train,Jamun,0017_0012.JPG,train\Jamun\0017_0012.JPG,1958
train,Jamun,0017_0013.JPG,train\Jamun\0017_0013.JPG,1959
train,Jamun,0017_0014.JPG,train\Jamun\0017_0014.JPG,1960
train,Jamun,0017_0015.JPG,train\Jamun\0017_0015.JPG,1961
train,Jamun,0017_0016.JPG,train\Jamun\0017_0016.JPG,1962
train,Jamun,0017_0017.JPG,train\Jamun\0017_0017.JPG,1963
train,Jamun,0017_0018.JPG,train\Jamun\0017_0018.JPG,1964
train,Jamun,0017_0019.JPG,train\Jamun\0017_0019.JPG,1965
train,Jamun,0017_0020.JPG,train\Jamun\0017_0020.JPG,1966
train,Jamun,0017_0021.JPG,train\Jamun\0017_0021.JPG,1967
train,Jamun,0017_0022.JPG,train\Jamun\0017_0022.JPG,1968
train,Jamun,0017_0023.JPG,train\Jamun\0017_0023.JPG,1969
train,Jamun,0017_0024.JPG,train\Jamun\0017_0024.JPG,1970
train,Jamun,0017_0025.JPG,train\Jamun\0017_0025.JPG,1971
train,Jamun,0017_0026.JPG,train\Jamun\0017_0026.JPG,1972
train,Jamun,0017_0027.JPG,train\Jamun\0017_0027.JPG,1973
train,Jamun,0017_0028.JPG,train\Jamun\0017_0028.JPG,1974
train,Jamun,0017_0029.JPG,train\Jamun\0017_0029.JPG,1975
train,Jamun,0017_0030.JPG,train\Jamun\0017_0030.JPG,1976
train,Jamun,0017_0031.JPG,train\Jamun\0017_0031.JPG,1977
train,Jamun,0017_0032.JPG,train\Jamun\0017_0032.JPG,1978
train,Jamun,0017_0033.JPG,train\Jamun\0017_0033.JPG,1979
train,Jamun,0017_0034.JPG,train\Jamun\0017_0034.JPG,1980
train,Jamun,0017_0035.JPG,train\Jamun\0017_0035.JPG,1981
train,Jamun,0017_0036.JPG,train\Jamun\0017_0036.JPG,1982
train,Jamun,0017_0037.JPG,train\Jamun\0017_0037.JPG,1983
train,Jamun,0017_0038.JPG,train\Jamun\0017_0038.JPG,1984
train,Jamun,0017_0039.JPG,train\Jamun\0017_0039.JPG,1985
train,Jamun,0017_0040.JPG,train\Jamun\0017_0040.JPG,1986
train,Jamun,0017_0041.JPG,train\Jamun\0017_0041.JPG,1987
train,Jamun,0017_0042.JPG,train\Jamun\0017_0042.JPG,1988
train,Jamun,0017_0043.JPG,train\Jamun\0017_0043.JPG,1989
train,Jamun,0017_0044.JPG,train\Jamun\0017_0044.JPG,1990
train,Jamun,0017_0045.JPG,train\Jamun\0017_0045.JPG,1991
train,Jamun,0017_0046.JPG,train\Jamun\0017_0046.JPG,1992
train,Jamun,0017_0047.JPG,train\Jamun\0017_0047.JPG,1993
train,Jamun,0017_0048.JPG,train\Jamun\0017_0048.JPG,1994
train,Jamun,0017_0049.JPG,train\Jamun\0017_0049.JPG,1995
train,Jamun,0017_0050.JPG,train\Jamun\0017_0050.JPG,1996
train,Jamun,0017_0051.JPG,train\Jamun\0017_0051.JPG,1997
train,Jamun,0017_0052.JPG,train\Jamun\0017_0052.JPG,1998
train,Jamun,0017_0053.JPG,train\Jamun\0017_0053.JPG,1999
train,Jamun,0017_0054.JPG,train\Jamun\0017_0054.JPG,2000
train,Jamun,0017_0055.JPG,train\Jamun\0017_0055.JPG,2001
train,Jamun,0017_0056.JPG,train\Jamun\0017_0056.JPG,2002
train,Jamun,0017_0057.JPG,train\Jamun\0017_0057.JPG,2003
train,Jamun,0017_0058.JPG,train\Jamun\0017_0058.JPG,2004
train,Jamun,0017_0059.JPG,train\Jamun\0017_0059.JPG,2005
train,Jamun,0017_0060.JPG,train\Jamun\0017_0060.JPG,2006
train,Jamun,0017_0061.JPG,train\Jamun\0017_0061.JPG,2007
train,Jamun,0017_0062.JPG,train\Jamun\0017_0062.JPG,2008
train,Jamun,0017_0063.JPG,train\Jamun\0017_0063.JPG,2009
train,Jamun,0017_0064.JPG,train\Jamun\0017_0064.JPG,2010
train,Jamun,0017_0065.JPG,train\Jamun\0017_0065.JPG,2011
train,Jamun,0017_0066.JPG,train\Jamun\0017_0066.JPG,2012
train,Jamun,0017_0067.JPG,train\Jamun\0017_0067.JPG,2013
train,Jamun,0017_0068.JPG,train\Jamun\0017_0068.JPG,2014
train,Jamun,0017_0069.JPG,train\Jamun\0017_0069.JPG,2015
train,Jamun,0017_0070.JPG,train\Jamun\0017_0070.JPG,2016
train,Jamun,0017_0071.JPG,train\Jamun\0017_0071.JPG,2017
train,Jamun,0017_0072.JPG,train\Jamun\0017_0072.JPG,2018
train,Jamun,0017_0073.JPG,train\Jamun\0017_0073.JPG,2019
train,Jamun,0017_0074.JPG,train\Jamun\0017_0074.JPG,2020
train,Jamun,0017_0075.JPG,train\Jamun\0017_0075.JPG,2021
train,Jamun,0017_0076.JPG,train\Jamun\0017_0076.JPG,2022
train,Jamun,0017_0077.JPG,train\Jamun\0017_0077.JPG,2023
train,Jamun,0017_0078.JPG,train\Jamun\0017_0078.JPG,2024
train,Jamun,0017_0079.JPG,train\Jamun\0017_0079.JPG,2025
train,Jamun,0017_0080.JPG,train\Jamun\0017_0080.JPG,2026
train,Jamun,0017_0081.JPG,train\Jamun\0017_0081.JPG,2027
train,Jamun,0017_0082.JPG,train\Jamun\0017_0082.JPG,2028
train,Jamun,0017_0083.JPG,train\Jamun\0017_0083.JPG,2029
train,Jamun,0017_0084.JPG,train\Jamun\0017_0084.JPG,2030
train,Jamun,0017_0085.JPG,train\Jamun\0017_0085.JPG,2031
train,Jamun,0017_0086.JPG,train\Jamun\0017_0086.JPG,2032
train,Jamun,0017_0087.JPG,train\Jamun\0017_0087.JPG,2033
train,Jamun,0017_0088.JPG,train\Jamun\0017_0088.JPG,2034
train,Jamun,0017_0089.JPG,train\Jamun\0017_0089.JPG,2035
train,Jamun,0017_0090.JPG,train\Jamun\0017_0090.JPG,2036
train,Jamun,0017_0091.JPG,train\Jamun\0017_0091.JPG,2037
train,Jamun,0017_0092.JPG,train\Jamun\0017_0092.JPG,2038
train,Jamun,0017_0093.JPG,train\Jamun\0017_0093.JPG,2039
train,Jamun,0017_0094.JPG,train\Jamun\0017_0094.JPG,2040
train,Jamun,0017_0095.JPG,train\Jamun\0017_0095.JPG,2041
train,Jamun,0017_0096.JPG,train\Jamun\0017_0096.JPG,2042
train,Jamun,0017_0097.JPG,train\Jamun\0017_0097.JPG,2043
train,Jamun,0017_0098.JPG,train\Jamun\0017_0098.JPG,2044
train,Jamun,0017_0099.JPG,train\Jamun\0017_0099.JPG,2045
train,Jamun,0017_0100.JPG,train\Jamun\0017_0100.JPG,2046
train,Jamun,0017_0101.JPG,train\Jamun\0017_0101.JPG,2047
train,Jamun,0017_0102.JPG,train\Jamun\0017_0102.JPG,2048
train,Jamun,0017_0103.JPG,train\Jamun\0017_0103.JPG,2049
train,Jamun,0017_0104.JPG,train\Jamun\0017_0104.JPG,2050
train,Jamun,0017_0105.JPG,train\Jamun\0017_0105.JPG,2051
train,Jamun,0017_0106.JPG,train\Jamun\0017_0106.JPG,2052
train,Jamun,0017_0107.JPG,train\Jamun\0017_0107.JPG,2053
train,Jamun,0017_0108.JPG,train\Jamun\0017_0108.JPG,2054
train,Jamun,0017_0109.JPG,train\Jamun\0017_0109.JPG,2055
train,Jamun,0017_0110.JPG,train\Jamun\0017_0110.JPG,2056
train,Jamun,0017_0111.JPG,train\Jamun\0017_0111.JPG,2057
train,Jamun,0017_0112.JPG,train\Jamun\0017_0112.JPG,2058
train,Jamun,0017_0113.JPG,train\Jamun\0017_0113.JPG,2059
train,Jamun,0017_0114.JPG,train\Jamun\0017_0114.JPG,2060
train,Jamun,0017_0115.JPG,train\Jamun\0017_0115.JPG,2061
train,Jamun,0017_0116.JPG,train\Jamun\0017_0116.JPG,2062
train,Jamun,0017_0117.JPG,train\Jamun\0017_0117.JPG,2063
train,Jamun,0017_0118.JPG,train\Jamun\0017_0118.JPG,2064
train,Jamun,0017_0119.JPG,train\Jamun\0017_0119.JPG,2065
train,Jamun,0017_0120.JPG,train\Jamun\0017_0120.JPG,2066
train,Jamun,0017_0121.JPG,train\Jamun\0017_0121.JPG,2067
train,Jamun,0017_0122.JPG,train\Jamun\0017_0122.JPG,2068
train,Jamun,0017_0123.JPG,train\Jamun\0017_0123.JPG,2069
train,Jamun,0017_0124.JPG,train\Jamun\0017_0124.JPG,2070
train,Jamun,0017_0125.JPG,train\Jamun\0017_0125.JPG,2071
train,Jamun,0017_0126.JPG,train\Jamun\0017_0126.JPG,2072
train,Jamun,0017_0127.JPG,train\Jamun\0017_0127.JPG,2073
train,Jamun,0017_0128.JPG,train\Jamun\0017_0128.JPG,2074
train,Jamun,0017_0129.JPG,train\Jamun\0017_0129.JPG,2075
train,Jamun,0017_0130.JPG,train\Jamun\0017_0130.JPG,2076
train,Jamun,0017_0131.JPG,train\Jamun\0017_0131.JPG,2077
train,Jamun,0017_0132.JPG,train\Jamun\0017_0132.JPG,2078
train,Jamun,0017_0133.JPG,train\Jamun\0017_0133.JPG,2079
train,Jamun,0017_0134.JPG,train\Jamun\0017_0134.JPG,2080
train,Jamun,0017_0135.JPG,train\Jamun\0017_0135.JPG,2081
train,Jamun,0017_0136.JPG,train\Jamun\0017_0136.JPG,2082
train,Jamun,0017_0137.JPG,train\Jamun\0017_0137.JPG,2083
train,Jamun,0017_0138.JPG,train\Jamun\0017_0138.JPG,2084
train,Jamun,0017_0139.JPG,train\Jamun\0017_0139.JPG,2085
train,Jamun,0017_0140.JPG,train\Jamun\0017_0140.JPG,2086
train,Jamun,0017_0141.JPG,train\Jamun\0017_0141.JPG,2087
train,Jamun,0017_0142.JPG,train\Jamun\0017_0142.JPG,2088
train,Jamun,0017_0143.JPG,train\Jamun\0017_0143.JPG,2089
train,Jamun,0017_0144.JPG,train\Jamun\0017_0144.JPG,2090
train,Jamun,0017_0145.JPG,train\Jamun\0017_0145.JPG,2091
train,Jamun,0017_0146.JPG,train\Jamun\0017_0146.JPG,2092
train,Jamun,0017_0147.JPG,train\Jamun\0017_0147.JPG,2093
train,Jamun,0017_0148.JPG,train\Jamun\0017_0148.JPG,2094
train,Jamun,0017_0149.JPG,train\Jamun\0017_0149.JPG,2095
train,Jamun,0017_0150.JPG,train\Jamun\0017_0150.JPG,2096
train,Jamun,0017_0151.JPG,train\Jamun\0017_0151.JPG,2097
train,Jamun,0017_0152.JPG,train\Jamun\0017_0152.JPG,2098
train,Jamun,0017_0153.JPG,train\Jamun\0017_0153.JPG,2099
train,Jamun,0017_0154.JPG,train\Jamun\0017_0154.JPG,2100
train,Jamun,0017_0155.JPG,train\Jamun\0017_0155.JPG,2101
train,Jamun,0017_0156.JPG,train\Jamun\0017_0156.JPG,2102
train,Jamun,0017_0157.JPG,train\Jamun\0017_0157.JPG,2103
train,Jamun,0017_0158.JPG,train\Jamun\0017_0158.JPG,2104
train,Jamun,0017_0159.JPG,train\Jamun\0017_0159.JPG,2105
train,Jamun,0017_0160.JPG,train\Jamun\0017_0160.JPG,2106
train,Jamun,0017_0161.JPG,train\Jamun\0017_0161.JPG,2107
train,Jamun,0017_0162.JPG,train\Jamun\0017_0162.JPG,2108
train,Jamun,0017_0163.JPG,train\Jamun\0017_0163.JPG,2109
train,Jamun,0017_0164.JPG,train\Jamun\0017_0164.JPG,2110
train,Jamun,0017_0165.JPG,train\Jamun\0017_0165.JPG,2111
train,Jamun,0017_0166.JPG,train\Jamun\0017_0166.JPG,2112
train,Jamun,0017_0167.JPG,train\Jamun\0017_0167.JPG,2113
train,Jamun,0017_0168.JPG,train\Jamun\0017_0168.JPG,2114
train,Jamun,0017_0169.JPG,train\Jamun\0017_0169.JPG,2115
train,Jamun,0017_0170.JPG,train\Jamun\0017_0170.JPG,2116
train,Jamun,0017_0171.JPG,train\Jamun\0017_0171.JPG,2117
train,Jamun,0017_0172.JPG,train\Jamun\0017_0172.JPG,2118
train,Jamun,0017_0173.JPG,train\Jamun\0017_0173.JPG,2119
train,Jamun,0017_0174.JPG,train\Jamun\0017_0174.JPG,2120
train,Jamun,0017_0175.JPG,train\Jamun\0017_0175.JPG,2121
train,Jamun,0017_0176.JPG,train\Jamun\0017_0176.JPG,2122
train,Jamun,0017_0177.JPG,train\Jamun\0017_0177.JPG,2123
train,Jamun,0017_0178.JPG,train\Jamun\0017_0178.JPG,2124
train,Jamun,0017_0179.JPG,train\Jamun\0017_0179.JPG,2125
train,Jamun,0017_0180.JPG,train\Jamun\0017_0180.JPG,2126
train,Jamun,0017_0181.JPG,train\Jamun\0017_0181.JPG,2127
train,Jamun,0017_0182.JPG,train\Jamun\0017_0182.JPG,2128
train,Jamun,0017_0183.JPG,train\Jamun\0017_0183.JPG,2129
train,Jamun,0017_0184.JPG,train\Jamun\0017_0184.JPG,2130
train,Jamun,0017_0185.JPG,train\Jamun\0017_0185.JPG,2131
train,Jamun,0017_0186.JPG,train\Jamun\0017_0186.JPG,2132
train,Jamun,0017_0187.JPG,train\Jamun\0017_0187.JPG,2133
train,Jamun,0017_0188.JPG,train\Jamun\0017_0188.JPG,2134
train,Jamun,0017_0189.JPG,train\Jamun\0017_0189.JPG,2135
train,Jamun,0017_0190.JPG,train\Jamun\0017_0190.JPG,2136
train,Jamun,0017_0191.JPG,train\Jamun\0017_0191.JPG,2137
train,Jamun,0017_0192.JPG,train\Jamun\0017_0192.JPG,2138
train,Jamun,0017_0193.JPG,train\Jamun\0017_0193.JPG,2139
train,Jamun,0017_0194.JPG,train\Jamun\0017_0194.JPG,2140
train,Jamun,0017_0195.JPG,train\Jamun\0017_0195.JPG,2141
train,Jamun,0017_0196.JPG,train\Jamun\0017_0196.JPG,2142
train,Jamun,0017_0197.JPG,train\Jamun\0017_0197.JPG,2143
train,Jamun,0017_0198.JPG,train\Jamun\0017_0198.JPG,2144
train,Jamun,0017_0199.JPG,train\Jamun\0017_0199.JPG,2145
train,Jamun,0017_0200.JPG,train\Jamun\0017_0200.JPG,2146
train,Jamun,0017_0201.JPG,train\Jamun\0017_0201.JPG,2147
train,Jamun,0017_0202.JPG,train\Jamun\0017_0202.JPG,2148
train,Jamun,0017_0203.JPG,train\Jamun\0017_0203.JPG,2149
train,Jamun,0017_0204.JPG,train\Jamun\0017_0204.JPG,2150
train,Jamun,0017_0205.JPG,train\Jamun\0017_0205.JPG,2151
train,Jamun,0017_0206.JPG,train\Jamun\0017_0206.JPG,2152
train,Jamun,0017_0207.JPG,train\Jamun\0017_0207.JPG,2153
train,Jamun,0017_0208.JPG,train\Jamun\0017_0208.JPG,2154
train,Jamun,0017_0209.JPG,train\Jamun\0017_0209.JPG,2155
train,Jamun,0017_0210.JPG,train\Jamun\0017_0210.JPG,2156
train,Jamun,0017_0211.JPG,train\Jamun\0017_0211.JPG,2157
train,Jamun,0017_0212.JPG,train\Jamun\0017_0212.JPG,2158
train,Jamun,0017_0213.JPG,train\Jamun\0017_0213.JPG,2159
train,Jamun,0017_0214.JPG,train\Jamun\0017_0214.JPG,2160
train,Jamun,0017_0215.JPG,train\Jamun\0017_0215.JPG,2161
train,Jamun,0017_0216.JPG,train\Jamun\0017_0216.JPG,2162
train,Jamun,0017_0217.JPG,train\Jamun\0017_0217.JPG,2163
train,Jamun,0017_0218.JPG,train\Jamun\0017_0218.JPG,2164
train,Jamun,0017_0219.JPG,train\Jamun\0017_0219.JPG,2165
train,Jamun,0017_0220.JPG,train\Jamun\0017_0220.JPG,2166
train,Jamun,0017_0221.JPG,train\Jamun\0017_0221.JPG,2167
train,Jamun,0017_0222.JPG,train\Jamun\0017_0222.JPG,2168
train,Jamun,0017_0223.JPG,train\Jamun\0017_0223.JPG,2169
train,Jamun,0017_0224.JPG,train\Jamun\0017_0224.JPG,2170
train,Jamun,0017_0225.JPG,train\Jamun\0017_0225.JPG,2171
train,Jamun,0017_0226.JPG,train\Jamun\0017_0226.JPG,2172
train,Jamun,0017_0227.JPG,train\Jamun\0017_0227.JPG,2173
train,Jamun,0017_0228.JPG,train\Jamun\0017_0228.JPG,2174
train,Jamun,0017_0229.JPG,train\Jamun\0017_0229.JPG,2175
train,Jamun,0017_0230.JPG,train\Jamun\0017_0230.JPG,2176
train,Jamun,0017_0231.JPG,train\Jamun\0017_0231.JPG,2177
train,Jamun,0017_0232.JPG,train\Jamun\0017_0232.JPG,2178
train,Jamun,0017_0233.JPG,train\Jamun\0017_0233.JPG,2179
train,Jamun,0017_0234.JPG,train\Jamun\0017_0234.JPG,2180
train,Jamun,0017_0235.JPG,train\Jamun\0017_0235.JPG,2181
train,Jamun,0017_0236.JPG,train\Jamun\0017_0236.JPG,2182
train,Jamun,0017_0237.JPG,train\Jamun\0017_0237.JPG,2183
train,Jamun,0017_0238.JPG,train\Jamun\0017_0238.JPG,2184
train,Jamun,0017_0239.JPG,train\Jamun\0017_0239.JPG,2185
train,Jamun,0017_0240.JPG,train\Jamun\0017_0240.JPG,2186
train,Jamun,0017_0241.JPG,train\Jamun\0017_0241.JPG,2187
train,Jamun,0017_0242.JPG,train\Jamun\0017_0242.JPG,2188
train,Jamun,0017_0243.JPG,train\Jamun\0017_0243.JPG,2189
train,Jamun,0017_0244.JPG,train\Jamun\0017_0244.JPG,2190
train,Jamun,0017_0245.JPG,train\Jamun\0017_0245.JPG,2191
train,Jamun,0017_0246.JPG,train\Jamun\0017_0246.JPG,2192
train,Jamun,0017_0247.JPG,train\Jamun\0017_0247.JPG,2193
train,Jamun,0017_0248.JPG,train\Jamun\0017_0248.JPG,2194
train,Jamun,0017_0249.JPG,train\Jamun\0017_0249.JPG,2195
train,Jamun,0017_0250.JPG,train\Jamun\0017_0250.JPG,2196
train,Jamun,0017_0251.JPG,train\Jamun\0017_0251.JPG,2197
train,Jamun,0017_0252.JPG,train\Jamun\0017_0252.JPG,2198
train,Jamun,0017_0253.JPG,train\Jamun\0017_0253.JPG,2199
train,Jamun,0017_0254.JPG,train\Jamun\0017_0254.JPG,2200
train,Jamun,0017_0255.JPG,train\Jamun\0017_0255.JPG,2201
train,Jamun,0017_0256.JPG,train\Jamun\0017_0256.JPG,2202
train,Jamun,0017_0257.JPG,train\Jamun\0017_0257.JPG,2203
train,Jamun,0017_0258.JPG,train\Jamun\0017_0258.JPG,2204
train,Jamun,0017_0259.JPG,train\Jamun\0017_0259.JPG,2205
train,Jamun,0017_0260.JPG,train\Jamun\0017_0260.JPG,2206
train,Jamun,0017_0261.JPG,train\Jamun\0017_0261.JPG,2207
train,Jamun,0017_0262.JPG,train\Jamun\0017_0262.JPG,2208
train,Jamun,0017_0263.JPG,train\Jamun\0017_0263.JPG,2209
train,Jamun,0017_0264.JPG,train\Jamun\0017_0264.JPG,2210
train,Jamun,0017_0265.JPG,train\Jamun\0017_0265.JPG,2211
train,Jamun,0017_0266.JPG,train\Jamun\0017_0266.JPG,2212
train,Jamun,0017_0267.JPG,train\Jamun\0017_0267.JPG,2213
train,Jamun,0017_0268.JPG,train\Jamun\0017_0268.JPG,2214
train,Jamun,0017_0269.JPG,train\Jamun\0017_0269.JPG,2215
train,Jamun,0017_0270.JPG,train\Jamun\0017_0270.JPG,2216
train,Jamun,0017_0271.JPG,train\Jamun\0017_0271.JPG,2217
train,Jamun,0017_0272.JPG,train\Jamun\0017_0272.JPG,2218
train,Jamun,0017_0273.JPG,train\Jamun\0017_0273.JPG,2219
train,Jamun,0017_0274.JPG,train\Jamun\0017_0274.JPG,2220
train,Jamun,0017_0275.JPG,train\Jamun\0017_0275.JPG,2221
train,Jamun,0017_0276.JPG,train\Jamun\0017_0276.JPG,2222
train,Jamun,0017_0277.JPG,train\Jamun\0017_0277.JPG,2223
train,Jamun,0017_0278.JPG,train\Jamun\0017_0278.JPG,2224
train,Jamun,0017_0279.JPG,train\Jamun\0017_0279.JPG,2225
train,Jamun,0017_0280.JPG,train\Jamun\0017_0280.JPG,2226
train,Jamun,0017_0281.JPG,train\Jamun\0017_0281.JPG,2227
train,Jamun,0017_0282.JPG,train\Jamun\0017_0282.JPG,2228
train,Jamun,0017_0283.JPG,train\Jamun\0017_0283.JPG,2229
train,Jamun,0017_0284.JPG,train\Jamun\0017_0284.JPG,2230
train,Jamun,0017_0285.JPG,train\Jamun\0017_0285.JPG,2231
train,Jamun,0017_0286.JPG,train\Jamun\0017_0286.JPG,2232
train,Jamun,0017_0287.JPG,train\Jamun\0017_0287.JPG,2233
train,Jamun,0017_0288.JPG,train\Jamun\0017_0288.JPG,2234
train,Jamun,0017_0289.JPG,train\Jamun\0017_0289.JPG,2235
train,Jamun,0017_0290.JPG,train\Jamun\0017_0290.JPG,2236
train,Jamun,0017_0291.JPG,train\Jamun\0017_0291.JPG,2237
train,Jamun,0017_0292.JPG,train\Jamun\0017_0292.JPG,2238
train,Jamun,0017_0293.JPG,train\Jamun\0017_0293.JPG,2239
train,Jamun,0017_0294.JPG,train\Jamun\0017_0294.JPG,2240
train,Jamun,0017_0295.JPG,train\Jamun\0017_0295.JPG,2241
train,Jamun,0017_0296.JPG,train\Jamun\0017_0296.JPG,2242
train,Jamun,0017_0297.JPG,train\Jamun\0017_0297.JPG,2243
train,Jamun,0017_0298.JPG,train\Jamun\0017_0298.JPG,2244
train,Jamun,0017_0299.JPG,train\Jamun\0017_0299.JPG,2245
train,Jamun,0017_0300.JPG,train\Jamun\0017_0300.JPG,2246
train,Jamun,0017_0301.JPG,train\Jamun\0017_0301.JPG,2247
train,Jamun,0017_0302.JPG,train\Jamun\0017_0302.JPG,2248
train,Jamun,0017_0303.JPG,train\Jamun\0017_0303.JPG,2249
train,Jamun,0017_0304.JPG,train\Jamun\0017_0304.JPG,2250
train,Jamun,0017_0305.JPG,train\Jamun\0017_0305.JPG,2251
train,Jamun,0017_0306.JPG,train\Jamun\0017_0306.JPG,2252
train,Jamun,0017_0307.JPG,train\Jamun\0017_0307.JPG,2253
train,Jamun,0017_0308.JPG,train\Jamun\0017_0308.JPG,2254
train,Jamun,0017_0309.JPG,train\Jamun\0017_0309.JPG,2255
train,Jamun,0017_0310.JPG,train\Jamun\0017_0310.JPG,2256
train,Jamun,0017_0311.JPG,train\Jamun\0017_0311.JPG,2257
train,Jamun,0017_0312.JPG,train\Jamun\0017_0312.JPG,2258
train,Jamun,0017_0313.JPG,train\Jamun\0017_0313.JPG,2259
train,Jamun,0017_0314.JPG,train\Jamun\0017_0314.JPG,2260
train,Jamun,0017_0315.JPG,train\Jamun\0017_0315.JPG,2261
train,Jamun,0017_0316.JPG,train\Jamun\0017_0316.JPG,2262
train,Jamun,0017_0317.JPG,train\Jamun\0017_0317.JPG,2263
train,Jamun,0017_0318.JPG,train\Jamun\0017_0318.JPG,2264
train,Jamun,0017_0319.JPG,train\Jamun\0017_0319.JPG,2265
train,Jamun,0017_0320.JPG,train\Jamun\0017_0320.JPG,2266
train,Jamun,0017_0321.JPG,train\Jamun\0017_0321.JPG,2267
train,Jamun,0017_0322.JPG,train\Jamun\0017_0322.JPG,2268
train,Jamun,0017_0323.JPG,train\Jamun\0017_0323.JPG,2269
train,Jamun,0017_0324.JPG,train\Jamun\0017_0324.JPG,2270
train,Jamun,0017_0325.JPG,train\Jamun\0017_0325.JPG,2271
train,Jamun,0017_0326.JPG,train\Jamun\0017_0326.JPG,2272
train,Jamun,0017_0327.JPG,train\Jamun\0017_0327.JPG,2273
train,Jamun,0017_0328.JPG,train\Jamun\0017_0328.JPG,2274
train,Jamun,0017_0329.JPG,train\Jamun\0017_0329.JPG,2275
train,Jamun,0017_0330.JPG,train\Jamun\0017_0330.JPG,2276
train,Jamun,0017_0331.JPG,train\Jamun\0017_0331.JPG,2277
train,Jamun,0017_0332.JPG,train\Jamun\0017_0332.JPG,2278
train,Jamun,0017_0333.JPG,train\Jamun\0017_0333.JPG,2279
train,Jamun,0017_0334.JPG,train\Jamun\0017_0334.JPG,2280
train,Jamun,0017_0335.JPG,train\Jamun\0017_0335.JPG,2281
train,Jamun,0017_0336.JPG,train\Jamun\0017_0336.JPG,2282
train,Jamun,0017_0337.JPG,train\Jamun\0017_0337.JPG,2283
train,Jamun,0017_0338.JPG,train\Jamun\0017_0338.JPG,2284
train,Jamun,0017_0339.JPG,train\Jamun\0017_0339.JPG,2285
train,Jamun,0017_0340.JPG,train\Jamun\0017_0340.JPG,2286
train,Jamun,0017_0341.JPG,train\Jamun\0017_0341.JPG,2287
train,Jamun,0017_0342.JPG,train\Jamun\0017_0342.JPG,2288
train,Jamun,0017_0343.JPG,train\Jamun\0017_0343.JPG,2289
train,Jamun,0017_0344.JPG,train\Jamun\0017_0344.JPG,2290
train,Jamun,0017_0345.JPG,train\Jamun\0017_0345.JPG,2291
train,Jatropha,0006_0011.JPG,train\Jatropha\0006_0011.JPG,2292
train,Jatropha,0006_0012.JPG,train\Jatropha\0006_0012.JPG,2293
train,Jatropha,0006_0013.JPG,train\Jatropha\0006_0013.JPG,2294
train,Jatropha,0006_0014.JPG,train\Jatropha\0006_0014.JPG,2295
train,Jatropha,0006_0015.JPG,train\Jatropha\0006_0015.JPG,2296
train,Jatropha,0006_0016.JPG,train\Jatropha\0006_0016.JPG,2297
train,Jatropha,0006_0017.JPG,train\Jatropha\0006_0017.JPG,2298
train,Jatropha,0006_0018.JPG,train\Jatropha\0006_0018.JPG,2299
train,Jatropha,0006_0019.JPG,train\Jatropha\0006_0019.JPG,2300
train,Jatropha,0006_0020.JPG,train\Jatropha\0006_0020.JPG,2301
train,Jatropha,0006_0021.JPG,train\Jatropha\0006_0021.JPG,2302
train,Jatropha,0006_0022.JPG,train\Jatropha\0006_0022.JPG,2303
train,Jatropha,0006_0023.JPG,train\Jatropha\0006_0023.JPG,2304
train,Jatropha,0006_0024.JPG,train\Jatropha\0006_0024.JPG,2305
train,Jatropha,0006_0025.JPG,train\Jatropha\0006_0025.JPG,2306
train,Jatropha,0006_0026.JPG,train\Jatropha\0006_0026.JPG,2307
train,Jatropha,0006_0027.JPG,train\Jatropha\0006_0027.JPG,2308
train,Jatropha,0006_0028.JPG,train\Jatropha\0006_0028.JPG,2309
train,Jatropha,0006_0029.JPG,train\Jatropha\0006_0029.JPG,2310
train,Jatropha,0006_0030.JPG,train\Jatropha\0006_0030.JPG,2311
train,Jatropha,0006_0031.JPG,train\Jatropha\0006_0031.JPG,2312
train,Jatropha,0006_0032.JPG,train\Jatropha\0006_0032.JPG,2313
train,Jatropha,0006_0033.JPG,train\Jatropha\0006_0033.JPG,2314
train,Jatropha,0006_0034.JPG,train\Jatropha\0006_0034.JPG,2315
train,Jatropha,0006_0035.JPG,train\Jatropha\0006_0035.JPG,2316
train,Jatropha,0006_0036.JPG,train\Jatropha\0006_0036.JPG,2317
train,Jatropha,0006_0037.JPG,train\Jatropha\0006_0037.JPG,2318
train,Jatropha,0006_0038.JPG,train\Jatropha\0006_0038.JPG,2319
train,Jatropha,0006_0039.JPG,train\Jatropha\0006_0039.JPG,2320
train,Jatropha,0006_0040.JPG,train\Jatropha\0006_0040.JPG,2321
train,Jatropha,0006_0041.JPG,train\Jatropha\0006_0041.JPG,2322
train,Jatropha,0006_0042.JPG,train\Jatropha\0006_0042.JPG,2323
train,Jatropha,0006_0043.JPG,train\Jatropha\0006_0043.JPG,2324
train,Jatropha,0006_0044.JPG,train\Jatropha\0006_0044.JPG,2325
train,Jatropha,0006_0045.JPG,train\Jatropha\0006_0045.JPG,2326
train,Jatropha,0006_0046.JPG,train\Jatropha\0006_0046.JPG,2327
train,Jatropha,0006_0047.JPG,train\Jatropha\0006_0047.JPG,2328
train,Jatropha,0006_0048.JPG,train\Jatropha\0006_0048.JPG,2329
train,Jatropha,0006_0049.JPG,train\Jatropha\0006_0049.JPG,2330
train,Jatropha,0006_0050.JPG,train\Jatropha\0006_0050.JPG,2331
train,Jatropha,0006_0051.JPG,train\Jatropha\0006_0051.JPG,2332
train,Jatropha,0006_0052.JPG,train\Jatropha\0006_0052.JPG,2333
train,Jatropha,0006_0053.JPG,train\Jatropha\0006_0053.JPG,2334
train,Jatropha,0006_0054.JPG,train\Jatropha\0006_0054.JPG,2335
train,Jatropha,0006_0055.JPG,train\Jatropha\0006_0055.JPG,2336
train,Jatropha,0006_0056.JPG,train\Jatropha\0006_0056.JPG,2337
train,Jatropha,0006_0057.JPG,train\Jatropha\0006_0057.JPG,2338
train,Jatropha,0006_0058.JPG,train\Jatropha\0006_0058.JPG,2339
train,Jatropha,0006_0059.JPG,train\Jatropha\0006_0059.JPG,2340
train,Jatropha,0006_0060.JPG,train\Jatropha\0006_0060.JPG,2341
train,Jatropha,0006_0061.JPG,train\Jatropha\0006_0061.JPG,2342
train,Jatropha,0006_0062.JPG,train\Jatropha\0006_0062.JPG,2343
train,Jatropha,0006_0063.JPG,train\Jatropha\0006_0063.JPG,2344
train,Jatropha,0006_0064.JPG,train\Jatropha\0006_0064.JPG,2345
train,Jatropha,0006_0065.JPG,train\Jatropha\0006_0065.JPG,2346
train,Jatropha,0006_0066.JPG,train\Jatropha\0006_0066.JPG,2347
train,Jatropha,0006_0067.JPG,train\Jatropha\0006_0067.JPG,2348
train,Jatropha,0006_0068.JPG,train\Jatropha\0006_0068.JPG,2349
train,Jatropha,0006_0069.JPG,train\Jatropha\0006_0069.JPG,2350
train,Jatropha,0006_0070.JPG,train\Jatropha\0006_0070.JPG,2351
train,Jatropha,0006_0071.JPG,train\Jatropha\0006_0071.JPG,2352
train,Jatropha,0006_0072.JPG,train\Jatropha\0006_0072.JPG,2353
train,Jatropha,0006_0073.JPG,train\Jatropha\0006_0073.JPG,2354
train,Jatropha,0006_0074.JPG,train\Jatropha\0006_0074.JPG,2355
train,Jatropha,0006_0075.JPG,train\Jatropha\0006_0075.JPG,2356
train,Jatropha,0006_0076.JPG,train\Jatropha\0006_0076.JPG,2357
train,Jatropha,0006_0077.JPG,train\Jatropha\0006_0077.JPG,2358
train,Jatropha,0006_0078.JPG,train\Jatropha\0006_0078.JPG,2359
train,Jatropha,0006_0079.JPG,train\Jatropha\0006_0079.JPG,2360
train,Jatropha,0006_0080.JPG,train\Jatropha\0006_0080.JPG,2361
train,Jatropha,0006_0081.JPG,train\Jatropha\0006_0081.JPG,2362
train,Jatropha,0006_0082.JPG,train\Jatropha\0006_0082.JPG,2363
train,Jatropha,0006_0083.JPG,train\Jatropha\0006_0083.JPG,2364
train,Jatropha,0006_0084.JPG,train\Jatropha\0006_0084.JPG,2365
train,Jatropha,0006_0085.JPG,train\Jatropha\0006_0085.JPG,2366
train,Jatropha,0006_0086.JPG,train\Jatropha\0006_0086.JPG,2367
train,Jatropha,0006_0087.JPG,train\Jatropha\0006_0087.JPG,2368
train,Jatropha,0006_0088.JPG,train\Jatropha\0006_0088.JPG,2369
train,Jatropha,0006_0089.JPG,train\Jatropha\0006_0089.JPG,2370
train,Jatropha,0006_0090.JPG,train\Jatropha\0006_0090.JPG,2371
train,Jatropha,0006_0091.JPG,train\Jatropha\0006_0091.JPG,2372
train,Jatropha,0006_0092.JPG,train\Jatropha\0006_0092.JPG,2373
train,Jatropha,0006_0093.JPG,train\Jatropha\0006_0093.JPG,2374
train,Jatropha,0006_0094.JPG,train\Jatropha\0006_0094.JPG,2375
train,Jatropha,0006_0095.JPG,train\Jatropha\0006_0095.JPG,2376
train,Jatropha,0006_0096.JPG,train\Jatropha\0006_0096.JPG,2377
train,Jatropha,0006_0097.JPG,train\Jatropha\0006_0097.JPG,2378
train,Jatropha,0006_0098.JPG,train\Jatropha\0006_0098.JPG,2379
train,Jatropha,0006_0099.JPG,train\Jatropha\0006_0099.JPG,2380
train,Jatropha,0006_0100.JPG,train\Jatropha\0006_0100.JPG,2381
train,Jatropha,0006_0101.JPG,train\Jatropha\0006_0101.JPG,2382
train,Jatropha,0006_0102.JPG,train\Jatropha\0006_0102.JPG,2383
train,Jatropha,0006_0103.JPG,train\Jatropha\0006_0103.JPG,2384
train,Jatropha,0006_0104.JPG,train\Jatropha\0006_0104.JPG,2385
train,Jatropha,0006_0105.JPG,train\Jatropha\0006_0105.JPG,2386
train,Jatropha,0006_0106.JPG,train\Jatropha\0006_0106.JPG,2387
train,Jatropha,0006_0107.JPG,train\Jatropha\0006_0107.JPG,2388
train,Jatropha,0006_0108.JPG,train\Jatropha\0006_0108.JPG,2389
train,Jatropha,0006_0109.JPG,train\Jatropha\0006_0109.JPG,2390
train,Jatropha,0006_0110.JPG,train\Jatropha\0006_0110.JPG,2391
train,Jatropha,0006_0111.JPG,train\Jatropha\0006_0111.JPG,2392
train,Jatropha,0006_0112.JPG,train\Jatropha\0006_0112.JPG,2393
train,Jatropha,0006_0113.JPG,train\Jatropha\0006_0113.JPG,2394
train,Jatropha,0006_0114.JPG,train\Jatropha\0006_0114.JPG,2395
train,Jatropha,0006_0115.JPG,train\Jatropha\0006_0115.JPG,2396
train,Jatropha,0006_0116.JPG,train\Jatropha\0006_0116.JPG,2397
train,Jatropha,0006_0117.JPG,train\Jatropha\0006_0117.JPG,2398
train,Jatropha,0006_0118.JPG,train\Jatropha\0006_0118.JPG,2399
train,Jatropha,0006_0119.JPG,train\Jatropha\0006_0119.JPG,2400
train,Jatropha,0006_0120.JPG,train\Jatropha\0006_0120.JPG,2401
train,Jatropha,0006_0121.JPG,train\Jatropha\0006_0121.JPG,2402
train,Jatropha,0006_0122.JPG,train\Jatropha\0006_0122.JPG,2403
train,Jatropha,0006_0123.JPG,train\Jatropha\0006_0123.JPG,2404
train,Jatropha,0006_0124.JPG,train\Jatropha\0006_0124.JPG,2405
train,Jatropha,0006_0125.JPG,train\Jatropha\0006_0125.JPG,2406
train,Jatropha,0006_0126.JPG,train\Jatropha\0006_0126.JPG,2407
train,Jatropha,0006_0127.JPG,train\Jatropha\0006_0127.JPG,2408
train,Jatropha,0006_0128.JPG,train\Jatropha\0006_0128.JPG,2409
train,Jatropha,0006_0129.JPG,train\Jatropha\0006_0129.JPG,2410
train,Jatropha,0006_0130.JPG,train\Jatropha\0006_0130.JPG,2411
train,Jatropha,0006_0131.JPG,train\Jatropha\0006_0131.JPG,2412
train,Jatropha,0006_0132.JPG,train\Jatropha\0006_0132.JPG,2413
train,Jatropha,0006_0133.JPG,train\Jatropha\0006_0133.JPG,2414
train,Jatropha,0018_0011.JPG,train\Jatropha\0018_0011.JPG,2415
train,Jatropha,0018_0012.JPG,train\Jatropha\0018_0012.JPG,2416
train,Jatropha,0018_0013.JPG,train\Jatropha\0018_0013.JPG,2417
train,Jatropha,0018_0014.JPG,train\Jatropha\0018_0014.JPG,2418
train,Jatropha,0018_0015.JPG,train\Jatropha\0018_0015.JPG,2419
train,Jatropha,0018_0016.JPG,train\Jatropha\0018_0016.JPG,2420
train,Jatropha,0018_0017.JPG,train\Jatropha\0018_0017.JPG,2421
train,Jatropha,0018_0018.JPG,train\Jatropha\0018_0018.JPG,2422
train,Jatropha,0018_0019.JPG,train\Jatropha\0018_0019.JPG,2423
train,Jatropha,0018_0020.JPG,train\Jatropha\0018_0020.JPG,2424
train,Jatropha,0018_0021.JPG,train\Jatropha\0018_0021.JPG,2425
train,Jatropha,0018_0022.JPG,train\Jatropha\0018_0022.JPG,2426
train,Jatropha,0018_0023.JPG,train\Jatropha\0018_0023.JPG,2427
train,Jatropha,0018_0024.JPG,train\Jatropha\0018_0024.JPG,2428
train,Jatropha,0018_0025.JPG,train\Jatropha\0018_0025.JPG,2429
train,Jatropha,0018_0026.JPG,train\Jatropha\0018_0026.JPG,2430
train,Jatropha,0018_0027.JPG,train\Jatropha\0018_0027.JPG,2431
train,Jatropha,0018_0028.JPG,train\Jatropha\0018_0028.JPG,2432
train,Jatropha,0018_0029.JPG,train\Jatropha\0018_0029.JPG,2433
train,Jatropha,0018_0030.JPG,train\Jatropha\0018_0030.JPG,2434
train,Jatropha,0018_0031.JPG,train\Jatropha\0018_0031.JPG,2435
train,Jatropha,0018_0032.JPG,train\Jatropha\0018_0032.JPG,2436
train,Jatropha,0018_0033.JPG,train\Jatropha\0018_0033.JPG,2437
train,Jatropha,0018_0034.JPG,train\Jatropha\0018_0034.JPG,2438
train,Jatropha,0018_0035.JPG,train\Jatropha\0018_0035.JPG,2439
train,Jatropha,0018_0036.JPG,train\Jatropha\0018_0036.JPG,2440
train,Jatropha,0018_0037.JPG,train\Jatropha\0018_0037.JPG,2441
train,Jatropha,0018_0038.JPG,train\Jatropha\0018_0038.JPG,2442
train,Jatropha,0018_0039.JPG,train\Jatropha\0018_0039.JPG,2443
train,Jatropha,0018_0040.JPG,train\Jatropha\0018_0040.JPG,2444
train,Jatropha,0018_0041.JPG,train\Jatropha\0018_0041.JPG,2445
train,Jatropha,0018_0042.JPG,train\Jatropha\0018_0042.JPG,2446
train,Jatropha,0018_0043.JPG,train\Jatropha\0018_0043.JPG,2447
train,Jatropha,0018_0044.JPG,train\Jatropha\0018_0044.JPG,2448
train,Jatropha,0018_0045.JPG,train\Jatropha\0018_0045.JPG,2449
train,Jatropha,0018_0046.JPG,train\Jatropha\0018_0046.JPG,2450
train,Jatropha,0018_0047.JPG,train\Jatropha\0018_0047.JPG,2451
train,Jatropha,0018_0048.JPG,train\Jatropha\0018_0048.JPG,2452
train,Jatropha,0018_0049.JPG,train\Jatropha\0018_0049.JPG,2453
train,Jatropha,0018_0050.JPG,train\Jatropha\0018_0050.JPG,2454
train,Jatropha,0018_0051.JPG,train\Jatropha\0018_0051.JPG,2455
train,Jatropha,0018_0052.JPG,train\Jatropha\0018_0052.JPG,2456
train,Jatropha,0018_0053.JPG,train\Jatropha\0018_0053.JPG,2457
train,Jatropha,0018_0054.JPG,train\Jatropha\0018_0054.JPG,2458
train,Jatropha,0018_0055.JPG,train\Jatropha\0018_0055.JPG,2459
train,Jatropha,0018_0056.JPG,train\Jatropha\0018_0056.JPG,2460
train,Jatropha,0018_0057.JPG,train\Jatropha\0018_0057.JPG,2461
train,Jatropha,0018_0058.JPG,train\Jatropha\0018_0058.JPG,2462
train,Jatropha,0018_0059.JPG,train\Jatropha\0018_0059.JPG,2463
train,Jatropha,0018_0060.JPG,train\Jatropha\0018_0060.JPG,2464
train,Jatropha,0018_0061.JPG,train\Jatropha\0018_0061.JPG,2465
train,Jatropha,0018_0062.JPG,train\Jatropha\0018_0062.JPG,2466
train,Jatropha,0018_0063.JPG,train\Jatropha\0018_0063.JPG,2467
train,Jatropha,0018_0064.JPG,train\Jatropha\0018_0064.JPG,2468
train,Jatropha,0018_0065.JPG,train\Jatropha\0018_0065.JPG,2469
train,Jatropha,0018_0066.JPG,train\Jatropha\0018_0066.JPG,2470
train,Jatropha,0018_0067.JPG,train\Jatropha\0018_0067.JPG,2471
train,Jatropha,0018_0068.JPG,train\Jatropha\0018_0068.JPG,2472
train,Jatropha,0018_0069.JPG,train\Jatropha\0018_0069.JPG,2473
train,Jatropha,0018_0070.JPG,train\Jatropha\0018_0070.JPG,2474
train,Jatropha,0018_0071.JPG,train\Jatropha\0018_0071.JPG,2475
train,Jatropha,0018_0072.JPG,train\Jatropha\0018_0072.JPG,2476
train,Jatropha,0018_0073.JPG,train\Jatropha\0018_0073.JPG,2477
train,Jatropha,0018_0074.JPG,train\Jatropha\0018_0074.JPG,2478
train,Jatropha,0018_0075.JPG,train\Jatropha\0018_0075.JPG,2479
train,Jatropha,0018_0076.JPG,train\Jatropha\0018_0076.JPG,2480
train,Jatropha,0018_0077.JPG,train\Jatropha\0018_0077.JPG,2481
train,Jatropha,0018_0078.JPG,train\Jatropha\0018_0078.JPG,2482
train,Jatropha,0018_0079.JPG,train\Jatropha\0018_0079.JPG,2483
train,Jatropha,0018_0080.JPG,train\Jatropha\0018_0080.JPG,2484
train,Jatropha,0018_0081.JPG,train\Jatropha\0018_0081.JPG,2485
train,Jatropha,0018_0082.JPG,train\Jatropha\0018_0082.JPG,2486
train,Jatropha,0018_0083.JPG,train\Jatropha\0018_0083.JPG,2487
train,Jatropha,0018_0084.JPG,train\Jatropha\0018_0084.JPG,2488
train,Jatropha,0018_0085.JPG,train\Jatropha\0018_0085.JPG,2489
train,Jatropha,0018_0086.JPG,train\Jatropha\0018_0086.JPG,2490
train,Jatropha,0018_0087.JPG,train\Jatropha\0018_0087.JPG,2491
train,Jatropha,0018_0088.JPG,train\Jatropha\0018_0088.JPG,2492
train,Jatropha,0018_0089.JPG,train\Jatropha\0018_0089.JPG,2493
train,Jatropha,0018_0090.JPG,train\Jatropha\0018_0090.JPG,2494
train,Jatropha,0018_0091.JPG,train\Jatropha\0018_0091.JPG,2495
train,Jatropha,0018_0092.JPG,train\Jatropha\0018_0092.JPG,2496
train,Jatropha,0018_0093.JPG,train\Jatropha\0018_0093.JPG,2497
train,Jatropha,0018_0094.JPG,train\Jatropha\0018_0094.JPG,2498
train,Jatropha,0018_0095.JPG,train\Jatropha\0018_0095.JPG,2499
train,Jatropha,0018_0096.JPG,train\Jatropha\0018_0096.JPG,2500
train,Jatropha,0018_0097.JPG,train\Jatropha\0018_0097.JPG,2501
train,Jatropha,0018_0098.JPG,train\Jatropha\0018_0098.JPG,2502
train,Jatropha,0018_0099.JPG,train\Jatropha\0018_0099.JPG,2503
train,Jatropha,0018_0100.JPG,train\Jatropha\0018_0100.JPG,2504
train,Jatropha,0018_0101.JPG,train\Jatropha\0018_0101.JPG,2505
train,Jatropha,0018_0102.JPG,train\Jatropha\0018_0102.JPG,2506
train,Jatropha,0018_0103.JPG,train\Jatropha\0018_0103.JPG,2507
train,Jatropha,0018_0104.JPG,train\Jatropha\0018_0104.JPG,2508
train,Jatropha,0018_0105.JPG,train\Jatropha\0018_0105.JPG,2509
train,Jatropha,0018_0106.JPG,train\Jatropha\0018_0106.JPG,2510
train,Jatropha,0018_0107.JPG,train\Jatropha\0018_0107.JPG,2511
train,Jatropha,0018_0108.JPG,train\Jatropha\0018_0108.JPG,2512
train,Jatropha,0018_0109.JPG,train\Jatropha\0018_0109.JPG,2513
train,Jatropha,0018_0110.JPG,train\Jatropha\0018_0110.JPG,2514
train,Jatropha,0018_0111.JPG,train\Jatropha\0018_0111.JPG,2515
train,Jatropha,0018_0112.JPG,train\Jatropha\0018_0112.JPG,2516
train,Jatropha,0018_0113.JPG,train\Jatropha\0018_0113.JPG,2517
train,Jatropha,0018_0114.JPG,train\Jatropha\0018_0114.JPG,2518
train,Jatropha,0018_0115.JPG,train\Jatropha\0018_0115.JPG,2519
train,Jatropha,0018_0116.JPG,train\Jatropha\0018_0116.JPG,2520
train,Jatropha,0018_0117.JPG,train\Jatropha\0018_0117.JPG,2521
train,Jatropha,0018_0118.JPG,train\Jatropha\0018_0118.JPG,2522
train,Jatropha,0018_0119.JPG,train\Jatropha\0018_0119.JPG,2523
train,Jatropha,0018_0120.JPG,train\Jatropha\0018_0120.JPG,2524
train,Jatropha,0018_0121.JPG,train\Jatropha\0018_0121.JPG,2525
train,Jatropha,0018_0122.JPG,train\Jatropha\0018_0122.JPG,2526
train,Jatropha,0018_0123.JPG,train\Jatropha\0018_0123.JPG,2527
train,Jatropha,0018_0124.JPG,train\Jatropha\0018_0124.JPG,2528
train,Lemon,0010_0011.JPG,train\Lemon\0010_0011.JPG,2529
train,Lemon,0010_0012.JPG,train\Lemon\0010_0012.JPG,2530
train,Lemon,0010_0013.JPG,train\Lemon\0010_0013.JPG,2531
train,Lemon,0010_0014.JPG,train\Lemon\0010_0014.JPG,2532
train,Lemon,0010_0015.JPG,train\Lemon\0010_0015.JPG,2533
train,Lemon,0010_0016.JPG,train\Lemon\0010_0016.JPG,2534
train,Lemon,0010_0017.JPG,train\Lemon\0010_0017.JPG,2535
train,Lemon,0010_0018.JPG,train\Lemon\0010_0018.JPG,2536
train,Lemon,0010_0019.JPG,train\Lemon\0010_0019.JPG,2537
train,Lemon,0010_0020.JPG,train\Lemon\0010_0020.JPG,2538
train,Lemon,0010_0021.JPG,train\Lemon\0010_0021.JPG,2539
train,Lemon,0010_0022.JPG,train\Lemon\0010_0022.JPG,2540
train,Lemon,0010_0023.JPG,train\Lemon\0010_0023.JPG,2541
train,Lemon,0010_0024.JPG,train\Lemon\0010_0024.JPG,2542
train,Lemon,0010_0025.JPG,train\Lemon\0010_0025.JPG,2543
train,Lemon,0010_0026.JPG,train\Lemon\0010_0026.JPG,2544
train,Lemon,0010_0027.JPG,train\Lemon\0010_0027.JPG,2545
train,Lemon,0010_0028.JPG,train\Lemon\0010_0028.JPG,2546
train,Lemon,0010_0029.JPG,train\Lemon\0010_0029.JPG,2547
train,Lemon,0010_0030.JPG,train\Lemon\0010_0030.JPG,2548
train,Lemon,0010_0031.JPG,train\Lemon\0010_0031.JPG,2549
train,Lemon,0010_0032.JPG,train\Lemon\0010_0032.JPG,2550
train,Lemon,0010_0033.JPG,train\Lemon\0010_0033.JPG,2551
train,Lemon,0010_0034.JPG,train\Lemon\0010_0034.JPG,2552
train,Lemon,0010_0035.JPG,train\Lemon\0010_0035.JPG,2553
train,Lemon,0010_0036.JPG,train\Lemon\0010_0036.JPG,2554
train,Lemon,0010_0037.JPG,train\Lemon\0010_0037.JPG,2555
train,Lemon,0010_0038.JPG,train\Lemon\0010_0038.JPG,2556
train,Lemon,0010_0039.JPG,train\Lemon\0010_0039.JPG,2557
train,Lemon,0010_0040.JPG,train\Lemon\0010_0040.JPG,2558
train,Lemon,0010_0041.JPG,train\Lemon\0010_0041.JPG,2559
train,Lemon,0010_0042.JPG,train\Lemon\0010_0042.JPG,2560
train,Lemon,0010_0043.JPG,train\Lemon\0010_0043.JPG,2561
train,Lemon,0010_0044.JPG,train\Lemon\0010_0044.JPG,2562
train,Lemon,0010_0045.JPG,train\Lemon\0010_0045.JPG,2563
train,Lemon,0010_0046.JPG,train\Lemon\0010_0046.JPG,2564
train,Lemon,0010_0047.JPG,train\Lemon\0010_0047.JPG,2565
train,Lemon,0010_0048.JPG,train\Lemon\0010_0048.JPG,2566
train,Lemon,0010_0049.JPG,train\Lemon\0010_0049.JPG,2567
train,Lemon,0010_0050.JPG,train\Lemon\0010_0050.JPG,2568
train,Lemon,0010_0051.JPG,train\Lemon\0010_0051.JPG,2569
train,Lemon,0010_0052.JPG,train\Lemon\0010_0052.JPG,2570
train,Lemon,0010_0053.JPG,train\Lemon\0010_0053.JPG,2571
train,Lemon,0010_0054.JPG,train\Lemon\0010_0054.JPG,2572
train,Lemon,0010_0055.JPG,train\Lemon\0010_0055.JPG,2573
train,Lemon,0010_0056.JPG,train\Lemon\0010_0056.JPG,2574
train,Lemon,0010_0057.JPG,train\Lemon\0010_0057.JPG,2575
train,Lemon,0010_0058.JPG,train\Lemon\0010_0058.JPG,2576
train,Lemon,0010_0059.JPG,train\Lemon\0010_0059.JPG,2577
train,Lemon,0010_0060.JPG,train\Lemon\0010_0060.JPG,2578
train,Lemon,0010_0061.JPG,train\Lemon\0010_0061.JPG,2579
train,Lemon,0010_0062.JPG,train\Lemon\0010_0062.JPG,2580
train,Lemon,0010_0063.JPG,train\Lemon\0010_0063.JPG,2581
train,Lemon,0010_0064.JPG,train\Lemon\0010_0064.JPG,2582
train,Lemon,0010_0065.JPG,train\Lemon\0010_0065.JPG,2583
train,Lemon,0010_0066.JPG,train\Lemon\0010_0066.JPG,2584
train,Lemon,0010_0067.JPG,train\Lemon\0010_0067.JPG,2585
train,Lemon,0010_0068.JPG,train\Lemon\0010_0068.JPG,2586
train,Lemon,0010_0069.JPG,train\Lemon\0010_0069.JPG,2587
train,Lemon,0010_0070.JPG,train\Lemon\0010_0070.JPG,2588
train,Lemon,0010_0071.JPG,train\Lemon\0010_0071.JPG,2589
train,Lemon,0010_0072.JPG,train\Lemon\0010_0072.JPG,2590
train,Lemon,0010_0073.JPG,train\Lemon\0010_0073.JPG,2591
train,Lemon,0010_0074.JPG,train\Lemon\0010_0074.JPG,2592
train,Lemon,0010_0075.JPG,train\Lemon\0010_0075.JPG,2593
train,Lemon,0010_0076.JPG,train\Lemon\0010_0076.JPG,2594
train,Lemon,0010_0077.JPG,train\Lemon\0010_0077.JPG,2595
train,Lemon,0010_0078.JPG,train\Lemon\0010_0078.JPG,2596
train,Lemon,0010_0079.JPG,train\Lemon\0010_0079.JPG,2597
train,Lemon,0010_0080.JPG,train\Lemon\0010_0080.JPG,2598
train,Lemon,0010_0081.JPG,train\Lemon\0010_0081.JPG,2599
train,Lemon,0010_0082.JPG,train\Lemon\0010_0082.JPG,2600
train,Lemon,0010_0083.JPG,train\Lemon\0010_0083.JPG,2601
train,Lemon,0010_0084.JPG,train\Lemon\0010_0084.JPG,2602
train,Lemon,0010_0085.JPG,train\Lemon\0010_0085.JPG,2603
train,Lemon,0010_0086.JPG,train\Lemon\0010_0086.JPG,2604
train,Lemon,0010_0087.JPG,train\Lemon\0010_0087.JPG,2605
train,Lemon,0010_0088.JPG,train\Lemon\0010_0088.JPG,2606
train,Lemon,0010_0089.JPG,train\Lemon\0010_0089.JPG,2607
train,Lemon,0010_0090.JPG,train\Lemon\0010_0090.JPG,2608
train,Lemon,0010_0091.JPG,train\Lemon\0010_0091.JPG,2609
train,Lemon,0010_0092.JPG,train\Lemon\0010_0092.JPG,2610
train,Lemon,0010_0093.JPG,train\Lemon\0010_0093.JPG,2611
train,Lemon,0010_0094.JPG,train\Lemon\0010_0094.JPG,2612
train,Lemon,0010_0095.JPG,train\Lemon\0010_0095.JPG,2613
train,Lemon,0010_0096.JPG,train\Lemon\0010_0096.JPG,2614
train,Lemon,0010_0097.JPG,train\Lemon\0010_0097.JPG,2615
train,Lemon,0010_0098.JPG,train\Lemon\0010_0098.JPG,2616
train,Lemon,0010_0099.JPG,train\Lemon\0010_0099.JPG,2617
train,Lemon,0010_0100.JPG,train\Lemon\0010_0100.JPG,2618
train,Lemon,0010_0101.JPG,train\Lemon\0010_0101.JPG,2619
train,Lemon,0010_0102.JPG,train\Lemon\0010_0102.JPG,2620
train,Lemon,0010_0103.JPG,train\Lemon\0010_0103.JPG,2621
train,Lemon,0010_0104.JPG,train\Lemon\0010_0104.JPG,2622
train,Lemon,0010_0105.JPG,train\Lemon\0010_0105.JPG,2623
train,Lemon,0010_0106.JPG,train\Lemon\0010_0106.JPG,2624
train,Lemon,0010_0107.JPG,train\Lemon\0010_0107.JPG,2625
train,Lemon,0010_0108.JPG,train\Lemon\0010_0108.JPG,2626
train,Lemon,0010_0109.JPG,train\Lemon\0010_0109.JPG,2627
train,Lemon,0010_0110.JPG,train\Lemon\0010_0110.JPG,2628
train,Lemon,0010_0111.JPG,train\Lemon\0010_0111.JPG,2629
train,Lemon,0010_0112.JPG,train\Lemon\0010_0112.JPG,2630
train,Lemon,0010_0113.JPG,train\Lemon\0010_0113.JPG,2631
train,Lemon,0010_0114.JPG,train\Lemon\0010_0114.JPG,2632
train,Lemon,0010_0115.JPG,train\Lemon\0010_0115.JPG,2633
train,Lemon,0010_0116.JPG,train\Lemon\0010_0116.JPG,2634
train,Lemon,0010_0117.JPG,train\Lemon\0010_0117.JPG,2635
train,Lemon,0010_0118.JPG,train\Lemon\0010_0118.JPG,2636
train,Lemon,0010_0119.JPG,train\Lemon\0010_0119.JPG,2637
train,Lemon,0010_0120.JPG,train\Lemon\0010_0120.JPG,2638
train,Lemon,0010_0121.JPG,train\Lemon\0010_0121.JPG,2639
train,Lemon,0010_0122.JPG,train\Lemon\0010_0122.JPG,2640
train,Lemon,0010_0123.JPG,train\Lemon\0010_0123.JPG,2641
train,Lemon,0010_0124.JPG,train\Lemon\0010_0124.JPG,2642
train,Lemon,0010_0125.JPG,train\Lemon\0010_0125.JPG,2643
train,Lemon,0010_0126.JPG,train\Lemon\0010_0126.JPG,2644
train,Lemon,0010_0127.JPG,train\Lemon\0010_0127.JPG,2645
train,Lemon,0010_0128.JPG,train\Lemon\0010_0128.JPG,2646
train,Lemon,0010_0129.JPG,train\Lemon\0010_0129.JPG,2647
train,Lemon,0010_0130.JPG,train\Lemon\0010_0130.JPG,2648
train,Lemon,0010_0131.JPG,train\Lemon\0010_0131.JPG,2649
train,Lemon,0010_0132.JPG,train\Lemon\0010_0132.JPG,2650
train,Lemon,0010_0133.JPG,train\Lemon\0010_0133.JPG,2651
train,Lemon,0010_0134.JPG,train\Lemon\0010_0134.JPG,2652
train,Lemon,0010_0135.JPG,train\Lemon\0010_0135.JPG,2653
train,Lemon,0010_0136.JPG,train\Lemon\0010_0136.JPG,2654
train,Lemon,0010_0137.JPG,train\Lemon\0010_0137.JPG,2655
train,Lemon,0010_0138.JPG,train\Lemon\0010_0138.JPG,2656
train,Lemon,0010_0139.JPG,train\Lemon\0010_0139.JPG,2657
train,Lemon,0010_0140.JPG,train\Lemon\0010_0140.JPG,2658
train,Lemon,0010_0141.JPG,train\Lemon\0010_0141.JPG,2659
train,Lemon,0010_0142.JPG,train\Lemon\0010_0142.JPG,2660
train,Lemon,0010_0143.JPG,train\Lemon\0010_0143.JPG,2661
train,Lemon,0010_0144.JPG,train\Lemon\0010_0144.JPG,2662
train,Lemon,0010_0145.JPG,train\Lemon\0010_0145.JPG,2663
train,Lemon,0010_0146.JPG,train\Lemon\0010_0146.JPG,2664
train,Lemon,0010_0147.JPG,train\Lemon\0010_0147.JPG,2665
train,Lemon,0010_0148.JPG,train\Lemon\0010_0148.JPG,2666
train,Lemon,0010_0149.JPG,train\Lemon\0010_0149.JPG,2667
train,Lemon,0010_0150.JPG,train\Lemon\0010_0150.JPG,2668
train,Lemon,0010_0151.JPG,train\Lemon\0010_0151.JPG,2669
train,Lemon,0010_0152.JPG,train\Lemon\0010_0152.JPG,2670
train,Lemon,0010_0153.JPG,train\Lemon\0010_0153.JPG,2671
train,Lemon,0010_0154.JPG,train\Lemon\0010_0154.JPG,2672
train,Lemon,0010_0155.JPG,train\Lemon\0010_0155.JPG,2673
train,Lemon,0010_0156.JPG,train\Lemon\0010_0156.JPG,2674
train,Lemon,0010_0157.JPG,train\Lemon\0010_0157.JPG,2675
train,Lemon,0010_0158.JPG,train\Lemon\0010_0158.JPG,2676
train,Lemon,0010_0159.JPG,train\Lemon\0010_0159.JPG,2677
train,Lemon,0021_0011.JPG,train\Lemon\0021_0011.JPG,2678
train,Lemon,0021_0012.JPG,train\Lemon\0021_0012.JPG,2679
train,Lemon,0021_0013.JPG,train\Lemon\0021_0013.JPG,2680
train,Lemon,0021_0014.JPG,train\Lemon\0021_0014.JPG,2681
train,Lemon,0021_0015.JPG,train\Lemon\0021_0015.JPG,2682
train,Lemon,0021_0016.JPG,train\Lemon\0021_0016.JPG,2683
train,Lemon,0021_0017.JPG,train\Lemon\0021_0017.JPG,2684
train,Lemon,0021_0018.JPG,train\Lemon\0021_0018.JPG,2685
train,Lemon,0021_0019.JPG,train\Lemon\0021_0019.JPG,2686
train,Lemon,0021_0020.JPG,train\Lemon\0021_0020.JPG,2687
train,Lemon,0021_0021.JPG,train\Lemon\0021_0021.JPG,2688
train,Lemon,0021_0022.JPG,train\Lemon\0021_0022.JPG,2689
train,Lemon,0021_0023.JPG,train\Lemon\0021_0023.JPG,2690
train,Lemon,0021_0024.JPG,train\Lemon\0021_0024.JPG,2691
train,Lemon,0021_0025.JPG,train\Lemon\0021_0025.JPG,2692
train,Lemon,0021_0026.JPG,train\Lemon\0021_0026.JPG,2693
train,Lemon,0021_0027.JPG,train\Lemon\0021_0027.JPG,2694
train,Lemon,0021_0028.JPG,train\Lemon\0021_0028.JPG,2695
train,Lemon,0021_0029.JPG,train\Lemon\0021_0029.JPG,2696
train,Lemon,0021_0030.JPG,train\Lemon\0021_0030.JPG,2697
train,Lemon,0021_0031.JPG,train\Lemon\0021_0031.JPG,2698
train,Lemon,0021_0032.JPG,train\Lemon\0021_0032.JPG,2699
train,Lemon,0021_0033.JPG,train\Lemon\0021_0033.JPG,2700
train,Lemon,0021_0034.JPG,train\Lemon\0021_0034.JPG,2701
train,Lemon,0021_0035.JPG,train\Lemon\0021_0035.JPG,2702
train,Lemon,0021_0036.JPG,train\Lemon\0021_0036.JPG,2703
train,Lemon,0021_0037.JPG,train\Lemon\0021_0037.JPG,2704
train,Lemon,0021_0038.JPG,train\Lemon\0021_0038.JPG,2705
train,Lemon,0021_0039.JPG,train\Lemon\0021_0039.JPG,2706
train,Lemon,0021_0040.JPG,train\Lemon\0021_0040.JPG,2707
train,Lemon,0021_0041.JPG,train\Lemon\0021_0041.JPG,2708
train,Lemon,0021_0042.JPG,train\Lemon\0021_0042.JPG,2709
train,Lemon,0021_0043.JPG,train\Lemon\0021_0043.JPG,2710
train,Lemon,0021_0044.JPG,train\Lemon\0021_0044.JPG,2711
train,Lemon,0021_0045.JPG,train\Lemon\0021_0045.JPG,2712
train,Lemon,0021_0046.JPG,train\Lemon\0021_0046.JPG,2713
train,Lemon,0021_0047.JPG,train\Lemon\0021_0047.JPG,2714
train,Lemon,0021_0048.JPG,train\Lemon\0021_0048.JPG,2715
train,Lemon,0021_0049.JPG,train\Lemon\0021_0049.JPG,2716
train,Lemon,0021_0050.JPG,train\Lemon\0021_0050.JPG,2717
train,Lemon,0021_0051.JPG,train\Lemon\0021_0051.JPG,2718
train,Lemon,0021_0052.JPG,train\Lemon\0021_0052.JPG,2719
train,Lemon,0021_0053.JPG,train\Lemon\0021_0053.JPG,2720
train,Lemon,0021_0054.JPG,train\Lemon\0021_0054.JPG,2721
train,Lemon,0021_0055.JPG,train\Lemon\0021_0055.JPG,2722
train,Lemon,0021_0056.JPG,train\Lemon\0021_0056.JPG,2723
train,Lemon,0021_0057.JPG,train\Lemon\0021_0057.JPG,2724
train,Lemon,0021_0058.JPG,train\Lemon\0021_0058.JPG,2725
train,Lemon,0021_0059.JPG,train\Lemon\0021_0059.JPG,2726
train,Lemon,0021_0060.JPG,train\Lemon\0021_0060.JPG,2727
train,Lemon,0021_0061.JPG,train\Lemon\0021_0061.JPG,2728
train,Lemon,0021_0062.JPG,train\Lemon\0021_0062.JPG,2729
train,Lemon,0021_0063.JPG,train\Lemon\0021_0063.JPG,2730
train,Lemon,0021_0064.JPG,train\Lemon\0021_0064.JPG,2731
train,Lemon,0021_0065.JPG,train\Lemon\0021_0065.JPG,2732
train,Lemon,0021_0066.JPG,train\Lemon\0021_0066.JPG,2733
train,Lemon,0021_0067.JPG,train\Lemon\0021_0067.JPG,2734
train,Lemon,0021_0068.JPG,train\Lemon\0021_0068.JPG,2735
train,Lemon,0021_0069.JPG,train\Lemon\0021_0069.JPG,2736
train,Lemon,0021_0070.JPG,train\Lemon\0021_0070.JPG,2737
train,Lemon,0021_0071.JPG,train\Lemon\0021_0071.JPG,2738
train,Lemon,0021_0072.JPG,train\Lemon\0021_0072.JPG,2739
train,Lemon,0021_0073.JPG,train\Lemon\0021_0073.JPG,2740
train,Lemon,0021_0074.JPG,train\Lemon\0021_0074.JPG,2741
train,Lemon,0021_0075.JPG,train\Lemon\0021_0075.JPG,2742
train,Lemon,0021_0076.JPG,train\Lemon\0021_0076.JPG,2743
train,Lemon,0021_0077.JPG,train\Lemon\0021_0077.JPG,2744
train,Mango,0001_0011.JPG,train\Mango\0001_0011.JPG,2745
train,Mango,0001_0012.JPG,train\Mango\0001_0012.JPG,2746
train,Mango,0001_0013.JPG,train\Mango\0001_0013.JPG,2747
train,Mango,0001_0014.JPG,train\Mango\0001_0014.JPG,2748
train,Mango,0001_0015.JPG,train\Mango\0001_0015.JPG,2749
train,Mango,0001_0016.JPG,train\Mango\0001_0016.JPG,2750
train,Mango,0001_0017.JPG,train\Mango\0001_0017.JPG,2751
train,Mango,0001_0018.JPG,train\Mango\0001_0018.JPG,2752
train,Mango,0001_0019.JPG,train\Mango\0001_0019.JPG,2753
train,Mango,0001_0020.JPG,train\Mango\0001_0020.JPG,2754
train,Mango,0001_0021.JPG,train\Mango\0001_0021.JPG,2755
train,Mango,0001_0022.JPG,train\Mango\0001_0022.JPG,2756
train,Mango,0001_0023.JPG,train\Mango\0001_0023.JPG,2757
train,Mango,0001_0024.JPG,train\Mango\0001_0024.JPG,2758
train,Mango,0001_0025.JPG,train\Mango\0001_0025.JPG,2759
train,Mango,0001_0026.JPG,train\Mango\0001_0026.JPG,2760
train,Mango,0001_0027.JPG,train\Mango\0001_0027.JPG,2761
train,Mango,0001_0028.JPG,train\Mango\0001_0028.JPG,2762
train,Mango,0001_0029.JPG,train\Mango\0001_0029.JPG,2763
train,Mango,0001_0030.JPG,train\Mango\0001_0030.JPG,2764
train,Mango,0001_0031.JPG,train\Mango\0001_0031.JPG,2765
train,Mango,0001_0032.JPG,train\Mango\0001_0032.JPG,2766
train,Mango,0001_0033.JPG,train\Mango\0001_0033.JPG,2767
train,Mango,0001_0034.JPG,train\Mango\0001_0034.JPG,2768
train,Mango,0001_0035.JPG,train\Mango\0001_0035.JPG,2769
train,Mango,0001_0036.JPG,train\Mango\0001_0036.JPG,2770
train,Mango,0001_0037.JPG,train\Mango\0001_0037.JPG,2771
train,Mango,0001_0038.JPG,train\Mango\0001_0038.JPG,2772
train,Mango,0001_0039.JPG,train\Mango\0001_0039.JPG,2773
train,Mango,0001_0040.JPG,train\Mango\0001_0040.JPG,2774
train,Mango,0001_0041.JPG,train\Mango\0001_0041.JPG,2775
train,Mango,0001_0042.JPG,train\Mango\0001_0042.JPG,2776
train,Mango,0001_0043.JPG,train\Mango\0001_0043.JPG,2777
train,Mango,0001_0044.JPG,train\Mango\0001_0044.JPG,2778
train,Mango,0001_0045.JPG,train\Mango\0001_0045.JPG,2779
train,Mango,0001_0046.JPG,train\Mango\0001_0046.JPG,2780
train,Mango,0001_0047.JPG,train\Mango\0001_0047.JPG,2781
train,Mango,0001_0048.JPG,train\Mango\0001_0048.JPG,2782
train,Mango,0001_0049.JPG,train\Mango\0001_0049.JPG,2783
train,Mango,0001_0050.JPG,train\Mango\0001_0050.JPG,2784
train,Mango,0001_0051.JPG,train\Mango\0001_0051.JPG,2785
train,Mango,0001_0052.JPG,train\Mango\0001_0052.JPG,2786
train,Mango,0001_0053.JPG,train\Mango\0001_0053.JPG,2787
train,Mango,0001_0054.JPG,train\Mango\0001_0054.JPG,2788
train,Mango,0001_0055.JPG,train\Mango\0001_0055.JPG,2789
train,Mango,0001_0056.JPG,train\Mango\0001_0056.JPG,2790
train,Mango,0001_0057.JPG,train\Mango\0001_0057.JPG,2791
train,Mango,0001_0058.JPG,train\Mango\0001_0058.JPG,2792
train,Mango,0001_0059.JPG,train\Mango\0001_0059.JPG,2793
train,Mango,0001_0060.JPG,train\Mango\0001_0060.JPG,2794
train,Mango,0001_0061.JPG,train\Mango\0001_0061.JPG,2795
train,Mango,0001_0062.JPG,train\Mango\0001_0062.JPG,2796
train,Mango,0001_0063.JPG,train\Mango\0001_0063.JPG,2797
train,Mango,0001_0064.JPG,train\Mango\0001_0064.JPG,2798
train,Mango,0001_0065.JPG,train\Mango\0001_0065.JPG,2799
train,Mango,0001_0066.JPG,train\Mango\0001_0066.JPG,2800
train,Mango,0001_0067.JPG,train\Mango\0001_0067.JPG,2801
train,Mango,0001_0068.JPG,train\Mango\0001_0068.JPG,2802
train,Mango,0001_0069.JPG,train\Mango\0001_0069.JPG,2803
train,Mango,0001_0070.JPG,train\Mango\0001_0070.JPG,2804
train,Mango,0001_0071.JPG,train\Mango\0001_0071.JPG,2805
train,Mango,0001_0072.JPG,train\Mango\0001_0072.JPG,2806
train,Mango,0001_0073.JPG,train\Mango\0001_0073.JPG,2807
train,Mango,0001_0074.JPG,train\Mango\0001_0074.JPG,2808
train,Mango,0001_0075.JPG,train\Mango\0001_0075.JPG,2809
train,Mango,0001_0076.JPG,train\Mango\0001_0076.JPG,2810
train,Mango,0001_0077.JPG,train\Mango\0001_0077.JPG,2811
train,Mango,0001_0078.JPG,train\Mango\0001_0078.JPG,2812
train,Mango,0001_0079.JPG,train\Mango\0001_0079.JPG,2813
train,Mango,0001_0080.JPG,train\Mango\0001_0080.JPG,2814
train,Mango,0001_0081.JPG,train\Mango\0001_0081.JPG,2815
train,Mango,0001_0082.JPG,train\Mango\0001_0082.JPG,2816
train,Mango,0001_0083.JPG,train\Mango\0001_0083.JPG,2817
train,Mango,0001_0084.JPG,train\Mango\0001_0084.JPG,2818
train,Mango,0001_0085.JPG,train\Mango\0001_0085.JPG,2819
train,Mango,0001_0086.JPG,train\Mango\0001_0086.JPG,2820
train,Mango,0001_0087.JPG,train\Mango\0001_0087.JPG,2821
train,Mango,0001_0088.JPG,train\Mango\0001_0088.JPG,2822
train,Mango,0001_0089.JPG,train\Mango\0001_0089.JPG,2823
train,Mango,0001_0090.JPG,train\Mango\0001_0090.JPG,2824
train,Mango,0001_0091.JPG,train\Mango\0001_0091.JPG,2825
train,Mango,0001_0092.JPG,train\Mango\0001_0092.JPG,2826
train,Mango,0001_0093.JPG,train\Mango\0001_0093.JPG,2827
train,Mango,0001_0094.JPG,train\Mango\0001_0094.JPG,2828
train,Mango,0001_0095.JPG,train\Mango\0001_0095.JPG,2829
train,Mango,0001_0096.JPG,train\Mango\0001_0096.JPG,2830
train,Mango,0001_0097.JPG,train\Mango\0001_0097.JPG,2831
train,Mango,0001_0098.JPG,train\Mango\0001_0098.JPG,2832
train,Mango,0001_0099.JPG,train\Mango\0001_0099.JPG,2833
train,Mango,0001_0100.JPG,train\Mango\0001_0100.JPG,2834
train,Mango,0001_0101.JPG,train\Mango\0001_0101.JPG,2835
train,Mango,0001_0102.JPG,train\Mango\0001_0102.JPG,2836
train,Mango,0001_0103.JPG,train\Mango\0001_0103.JPG,2837
train,Mango,0001_0104.JPG,train\Mango\0001_0104.JPG,2838
train,Mango,0001_0105.JPG,train\Mango\0001_0105.JPG,2839
train,Mango,0001_0106.JPG,train\Mango\0001_0106.JPG,2840
train,Mango,0001_0107.JPG,train\Mango\0001_0107.JPG,2841
train,Mango,0001_0108.JPG,train\Mango\0001_0108.JPG,2842
train,Mango,0001_0109.JPG,train\Mango\0001_0109.JPG,2843
train,Mango,0001_0110.JPG,train\Mango\0001_0110.JPG,2844
train,Mango,0001_0111.JPG,train\Mango\0001_0111.JPG,2845
train,Mango,0001_0112.JPG,train\Mango\0001_0112.JPG,2846
train,Mango,0001_0113.JPG,train\Mango\0001_0113.JPG,2847
train,Mango,0001_0114.JPG,train\Mango\0001_0114.JPG,2848
train,Mango,0001_0115.JPG,train\Mango\0001_0115.JPG,2849
train,Mango,0001_0116.JPG,train\Mango\0001_0116.JPG,2850
train,Mango,0001_0117.JPG,train\Mango\0001_0117.JPG,2851
train,Mango,0001_0118.JPG,train\Mango\0001_0118.JPG,2852
train,Mango,0001_0119.JPG,train\Mango\0001_0119.JPG,2853
train,Mango,0001_0120.JPG,train\Mango\0001_0120.JPG,2854
train,Mango,0001_0121.JPG,train\Mango\0001_0121.JPG,2855
train,Mango,0001_0122.JPG,train\Mango\0001_0122.JPG,2856
train,Mango,0001_0123.JPG,train\Mango\0001_0123.JPG,2857
train,Mango,0001_0124.JPG,train\Mango\0001_0124.JPG,2858
train,Mango,0001_0125.JPG,train\Mango\0001_0125.JPG,2859
train,Mango,0001_0126.JPG,train\Mango\0001_0126.JPG,2860
train,Mango,0001_0127.JPG,train\Mango\0001_0127.JPG,2861
train,Mango,0001_0128.JPG,train\Mango\0001_0128.JPG,2862
train,Mango,0001_0129.JPG,train\Mango\0001_0129.JPG,2863
train,Mango,0001_0130.JPG,train\Mango\0001_0130.JPG,2864
train,Mango,0001_0131.JPG,train\Mango\0001_0131.JPG,2865
train,Mango,0001_0132.JPG,train\Mango\0001_0132.JPG,2866
train,Mango,0001_0133.JPG,train\Mango\0001_0133.JPG,2867
train,Mango,0001_0134.JPG,train\Mango\0001_0134.JPG,2868
train,Mango,0001_0135.JPG,train\Mango\0001_0135.JPG,2869
train,Mango,0001_0136.JPG,train\Mango\0001_0136.JPG,2870
train,Mango,0001_0137.JPG,train\Mango\0001_0137.JPG,2871
train,Mango,0001_0138.JPG,train\Mango\0001_0138.JPG,2872
train,Mango,0001_0139.JPG,train\Mango\0001_0139.JPG,2873
train,Mango,0001_0140.JPG,train\Mango\0001_0140.JPG,2874
train,Mango,0001_0141.JPG,train\Mango\0001_0141.JPG,2875
train,Mango,0001_0142.JPG,train\Mango\0001_0142.JPG,2876
train,Mango,0001_0143.JPG,train\Mango\0001_0143.JPG,2877
train,Mango,0001_0144.JPG,train\Mango\0001_0144.JPG,2878
train,Mango,0001_0145.JPG,train\Mango\0001_0145.JPG,2879
train,Mango,0001_0146.JPG,train\Mango\0001_0146.JPG,2880
train,Mango,0001_0147.JPG,train\Mango\0001_0147.JPG,2881
train,Mango,0001_0148.JPG,train\Mango\0001_0148.JPG,2882
train,Mango,0001_0149.JPG,train\Mango\0001_0149.JPG,2883
train,Mango,0001_0150.JPG,train\Mango\0001_0150.JPG,2884
train,Mango,0001_0151.JPG,train\Mango\0001_0151.JPG,2885
train,Mango,0001_0152.JPG,train\Mango\0001_0152.JPG,2886
train,Mango,0001_0153.JPG,train\Mango\0001_0153.JPG,2887
train,Mango,0001_0154.JPG,train\Mango\0001_0154.JPG,2888
train,Mango,0001_0155.JPG,train\Mango\0001_0155.JPG,2889
train,Mango,0001_0156.JPG,train\Mango\0001_0156.JPG,2890
train,Mango,0001_0157.JPG,train\Mango\0001_0157.JPG,2891
train,Mango,0001_0158.JPG,train\Mango\0001_0158.JPG,2892
train,Mango,0001_0159.JPG,train\Mango\0001_0159.JPG,2893
train,Mango,0001_0160.JPG,train\Mango\0001_0160.JPG,2894
train,Mango,0001_0161.JPG,train\Mango\0001_0161.JPG,2895
train,Mango,0001_0162.JPG,train\Mango\0001_0162.JPG,2896
train,Mango,0001_0163.JPG,train\Mango\0001_0163.JPG,2897
train,Mango,0001_0164.JPG,train\Mango\0001_0164.JPG,2898
train,Mango,0001_0165.JPG,train\Mango\0001_0165.JPG,2899
train,Mango,0001_0166.JPG,train\Mango\0001_0166.JPG,2900
train,Mango,0001_0167.JPG,train\Mango\0001_0167.JPG,2901
train,Mango,0001_0168.JPG,train\Mango\0001_0168.JPG,2902
train,Mango,0001_0169.JPG,train\Mango\0001_0169.JPG,2903
train,Mango,0012_0011.JPG,train\Mango\0012_0011.JPG,2904
train,Mango,0012_0012.JPG,train\Mango\0012_0012.JPG,2905
train,Mango,0012_0013.JPG,train\Mango\0012_0013.JPG,2906
train,Mango,0012_0014.JPG,train\Mango\0012_0014.JPG,2907
train,Mango,0012_0015.JPG,train\Mango\0012_0015.JPG,2908
train,Mango,0012_0016.JPG,train\Mango\0012_0016.JPG,2909
train,Mango,0012_0017.JPG,train\Mango\0012_0017.JPG,2910
train,Mango,0012_0018.JPG,train\Mango\0012_0018.JPG,2911
train,Mango,0012_0019.JPG,train\Mango\0012_0019.JPG,2912
train,Mango,0012_0020.JPG,train\Mango\0012_0020.JPG,2913
train,Mango,0012_0021.JPG,train\Mango\0012_0021.JPG,2914
train,Mango,0012_0022.JPG,train\Mango\0012_0022.JPG,2915
train,Mango,0012_0023.JPG,train\Mango\0012_0023.JPG,2916
train,Mango,0012_0024.JPG,train\Mango\0012_0024.JPG,2917
train,Mango,0012_0025.JPG,train\Mango\0012_0025.JPG,2918
train,Mango,0012_0026.JPG,train\Mango\0012_0026.JPG,2919
train,Mango,0012_0027.JPG,train\Mango\0012_0027.JPG,2920
train,Mango,0012_0028.JPG,train\Mango\0012_0028.JPG,2921
train,Mango,0012_0029.JPG,train\Mango\0012_0029.JPG,2922
train,Mango,0012_0030.JPG,train\Mango\0012_0030.JPG,2923
train,Mango,0012_0031.JPG,train\Mango\0012_0031.JPG,2924
train,Mango,0012_0032.JPG,train\Mango\0012_0032.JPG,2925
train,Mango,0012_0033.JPG,train\Mango\0012_0033.JPG,2926
train,Mango,0012_0034.JPG,train\Mango\0012_0034.JPG,2927
train,Mango,0012_0035.JPG,train\Mango\0012_0035.JPG,2928
train,Mango,0012_0036.JPG,train\Mango\0012_0036.JPG,2929
train,Mango,0012_0037.JPG,train\Mango\0012_0037.JPG,2930
train,Mango,0012_0038.JPG,train\Mango\0012_0038.JPG,2931
train,Mango,0012_0039.JPG,train\Mango\0012_0039.JPG,2932
train,Mango,0012_0040.JPG,train\Mango\0012_0040.JPG,2933
train,Mango,0012_0041.JPG,train\Mango\0012_0041.JPG,2934
train,Mango,0012_0042.JPG,train\Mango\0012_0042.JPG,2935
train,Mango,0012_0043.JPG,train\Mango\0012_0043.JPG,2936
train,Mango,0012_0044.JPG,train\Mango\0012_0044.JPG,2937
train,Mango,0012_0045.JPG,train\Mango\0012_0045.JPG,2938
train,Mango,0012_0046.JPG,train\Mango\0012_0046.JPG,2939
train,Mango,0012_0047.JPG,train\Mango\0012_0047.JPG,2940
train,Mango,0012_0048.JPG,train\Mango\0012_0048.JPG,2941
train,Mango,0012_0049.JPG,train\Mango\0012_0049.JPG,2942
train,Mango,0012_0050.JPG,train\Mango\0012_0050.JPG,2943
train,Mango,0012_0051.JPG,train\Mango\0012_0051.JPG,2944
train,Mango,0012_0052.JPG,train\Mango\0012_0052.JPG,2945
train,Mango,0012_0053.JPG,train\Mango\0012_0053.JPG,2946
train,Mango,0012_0054.JPG,train\Mango\0012_0054.JPG,2947
train,Mango,0012_0055.JPG,train\Mango\0012_0055.JPG,2948
train,Mango,0012_0056.JPG,train\Mango\0012_0056.JPG,2949
train,Mango,0012_0057.JPG,train\Mango\0012_0057.JPG,2950
train,Mango,0012_0058.JPG,train\Mango\0012_0058.JPG,2951
train,Mango,0012_0059.JPG,train\Mango\0012_0059.JPG,2952
train,Mango,0012_0060.JPG,train\Mango\0012_0060.JPG,2953
train,Mango,0012_0061.JPG,train\Mango\0012_0061.JPG,2954
train,Mango,0012_0062.JPG,train\Mango\0012_0062.JPG,2955
train,Mango,0012_0063.JPG,train\Mango\0012_0063.JPG,2956
train,Mango,0012_0064.JPG,train\Mango\0012_0064.JPG,2957
train,Mango,0012_0065.JPG,train\Mango\0012_0065.JPG,2958
train,Mango,0012_0066.JPG,train\Mango\0012_0066.JPG,2959
train,Mango,0012_0067.JPG,train\Mango\0012_0067.JPG,2960
train,Mango,0012_0068.JPG,train\Mango\0012_0068.JPG,2961
train,Mango,0012_0069.JPG,train\Mango\0012_0069.JPG,2962
train,Mango,0012_0070.JPG,train\Mango\0012_0070.JPG,2963
train,Mango,0012_0071.JPG,train\Mango\0012_0071.JPG,2964
train,Mango,0012_0072.JPG,train\Mango\0012_0072.JPG,2965
train,Mango,0012_0073.JPG,train\Mango\0012_0073.JPG,2966
train,Mango,0012_0074.JPG,train\Mango\0012_0074.JPG,2967
train,Mango,0012_0075.JPG,train\Mango\0012_0075.JPG,2968
train,Mango,0012_0076.JPG,train\Mango\0012_0076.JPG,2969
train,Mango,0012_0077.JPG,train\Mango\0012_0077.JPG,2970
train,Mango,0012_0078.JPG,train\Mango\0012_0078.JPG,2971
train,Mango,0012_0079.JPG,train\Mango\0012_0079.JPG,2972
train,Mango,0012_0080.JPG,train\Mango\0012_0080.JPG,2973
train,Mango,0012_0081.JPG,train\Mango\0012_0081.JPG,2974
train,Mango,0012_0082.JPG,train\Mango\0012_0082.JPG,2975
train,Mango,0012_0083.JPG,train\Mango\0012_0083.JPG,2976
train,Mango,0012_0084.JPG,train\Mango\0012_0084.JPG,2977
train,Mango,0012_0085.JPG,train\Mango\0012_0085.JPG,2978
train,Mango,0012_0086.JPG,train\Mango\0012_0086.JPG,2979
train,Mango,0012_0087.JPG,train\Mango\0012_0087.JPG,2980
train,Mango,0012_0088.JPG,train\Mango\0012_0088.JPG,2981
train,Mango,0012_0089.JPG,train\Mango\0012_0089.JPG,2982
train,Mango,0012_0090.JPG,train\Mango\0012_0090.JPG,2983
train,Mango,0012_0091.JPG,train\Mango\0012_0091.JPG,2984
train,Mango,0012_0092.JPG,train\Mango\0012_0092.JPG,2985
train,Mango,0012_0093.JPG,train\Mango\0012_0093.JPG,2986
train,Mango,0012_0094.JPG,train\Mango\0012_0094.JPG,2987
train,Mango,0012_0095.JPG,train\Mango\0012_0095.JPG,2988
train,Mango,0012_0096.JPG,train\Mango\0012_0096.JPG,2989
train,Mango,0012_0097.JPG,train\Mango\0012_0097.JPG,2990
train,Mango,0012_0098.JPG,train\Mango\0012_0098.JPG,2991
train,Mango,0012_0099.JPG,train\Mango\0012_0099.JPG,2992
train,Mango,0012_0100.JPG,train\Mango\0012_0100.JPG,2993
train,Mango,0012_0101.JPG,train\Mango\0012_0101.JPG,2994
train,Mango,0012_0102.JPG,train\Mango\0012_0102.JPG,2995
train,Mango,0012_0103.JPG,train\Mango\0012_0103.JPG,2996
train,Mango,0012_0104.JPG,train\Mango\0012_0104.JPG,2997
train,Mango,0012_0105.JPG,train\Mango\0012_0105.JPG,2998
train,Mango,0012_0106.JPG,train\Mango\0012_0106.JPG,2999
train,Mango,0012_0107.JPG,train\Mango\0012_0107.JPG,3000
train,Mango,0012_0108.JPG,train\Mango\0012_0108.JPG,3001
train,Mango,0012_0109.JPG,train\Mango\0012_0109.JPG,3002
train,Mango,0012_0110.JPG,train\Mango\0012_0110.JPG,3003
train,Mango,0012_0111.JPG,train\Mango\0012_0111.JPG,3004
train,Mango,0012_0112.JPG,train\Mango\0012_0112.JPG,3005
train,Mango,0012_0113.JPG,train\Mango\0012_0113.JPG,3006
train,Mango,0012_0114.JPG,train\Mango\0012_0114.JPG,3007
train,Mango,0012_0115.JPG,train\Mango\0012_0115.JPG,3008
train,Mango,0012_0116.JPG,train\Mango\0012_0116.JPG,3009
train,Mango,0012_0117.JPG,train\Mango\0012_0117.JPG,3010
train,Mango,0012_0118.JPG,train\Mango\0012_0118.JPG,3011
train,Mango,0012_0119.JPG,train\Mango\0012_0119.JPG,3012
train,Mango,0012_0120.JPG,train\Mango\0012_0120.JPG,3013
train,Mango,0012_0121.JPG,train\Mango\0012_0121.JPG,3014
train,Mango,0012_0122.JPG,train\Mango\0012_0122.JPG,3015
train,Mango,0012_0123.JPG,train\Mango\0012_0123.JPG,3016
train,Mango,0012_0124.JPG,train\Mango\0012_0124.JPG,3017
train,Mango,0012_0125.JPG,train\Mango\0012_0125.JPG,3018
train,Mango,0012_0126.JPG,train\Mango\0012_0126.JPG,3019
train,Mango,0012_0127.JPG,train\Mango\0012_0127.JPG,3020
train,Mango,0012_0128.JPG,train\Mango\0012_0128.JPG,3021
train,Mango,0012_0129.JPG,train\Mango\0012_0129.JPG,3022
train,Mango,0012_0130.JPG,train\Mango\0012_0130.JPG,3023
train,Mango,0012_0131.JPG,train\Mango\0012_0131.JPG,3024
train,Mango,0012_0132.JPG,train\Mango\0012_0132.JPG,3025
train,Mango,0012_0133.JPG,train\Mango\0012_0133.JPG,3026
train,Mango,0012_0134.JPG,train\Mango\0012_0134.JPG,3027
train,Mango,0012_0135.JPG,train\Mango\0012_0135.JPG,3028
train,Mango,0012_0136.JPG,train\Mango\0012_0136.JPG,3029
train,Mango,0012_0137.JPG,train\Mango\0012_0137.JPG,3030
train,Mango,0012_0138.JPG,train\Mango\0012_0138.JPG,3031
train,Mango,0012_0139.JPG,train\Mango\0012_0139.JPG,3032
train,Mango,0012_0140.JPG,train\Mango\0012_0140.JPG,3033
train,Mango,0012_0141.JPG,train\Mango\0012_0141.JPG,3034
train,Mango,0012_0142.JPG,train\Mango\0012_0142.JPG,3035
train,Mango,0012_0143.JPG,train\Mango\0012_0143.JPG,3036
train,Mango,0012_0144.JPG,train\Mango\0012_0144.JPG,3037
train,Mango,0012_0145.JPG,train\Mango\0012_0145.JPG,3038
train,Mango,0012_0146.JPG,train\Mango\0012_0146.JPG,3039
train,Mango,0012_0147.JPG,train\Mango\0012_0147.JPG,3040
train,Mango,0012_0148.JPG,train\Mango\0012_0148.JPG,3041
train,Mango,0012_0149.JPG,train\Mango\0012_0149.JPG,3042
train,Mango,0012_0150.JPG,train\Mango\0012_0150.JPG,3043
train,Mango,0012_0151.JPG,train\Mango\0012_0151.JPG,3044
train,Mango,0012_0152.JPG,train\Mango\0012_0152.JPG,3045
train,Mango,0012_0153.JPG,train\Mango\0012_0153.JPG,3046
train,Mango,0012_0154.JPG,train\Mango\0012_0154.JPG,3047
train,Mango,0012_0155.JPG,train\Mango\0012_0155.JPG,3048
train,Mango,0012_0156.JPG,train\Mango\0012_0156.JPG,3049
train,Mango,0012_0157.JPG,train\Mango\0012_0157.JPG,3050
train,Mango,0012_0158.JPG,train\Mango\0012_0158.JPG,3051
train,Mango,0012_0159.JPG,train\Mango\0012_0159.JPG,3052
train,Mango,0012_0160.JPG,train\Mango\0012_0160.JPG,3053
train,Mango,0012_0161.JPG,train\Mango\0012_0161.JPG,3054
train,Mango,0012_0162.JPG,train\Mango\0012_0162.JPG,3055
train,Mango,0012_0163.JPG,train\Mango\0012_0163.JPG,3056
train,Mango,0012_0164.JPG,train\Mango\0012_0164.JPG,3057
train,Mango,0012_0165.JPG,train\Mango\0012_0165.JPG,3058
train,Mango,0012_0166.JPG,train\Mango\0012_0166.JPG,3059
train,Mango,0012_0167.JPG,train\Mango\0012_0167.JPG,3060
train,Mango,0012_0168.JPG,train\Mango\0012_0168.JPG,3061
train,Mango,0012_0169.JPG,train\Mango\0012_0169.JPG,3062
train,Mango,0012_0170.JPG,train\Mango\0012_0170.JPG,3063
train,Mango,0012_0171.JPG,train\Mango\0012_0171.JPG,3064
train,Mango,0012_0172.JPG,train\Mango\0012_0172.JPG,3065
train,Mango,0012_0173.JPG,train\Mango\0012_0173.JPG,3066
train,Mango,0012_0174.JPG,train\Mango\0012_0174.JPG,3067
train,Mango,0012_0175.JPG,train\Mango\0012_0175.JPG,3068
train,Mango,0012_0176.JPG,train\Mango\0012_0176.JPG,3069
train,Mango,0012_0177.JPG,train\Mango\0012_0177.JPG,3070
train,Mango,0012_0178.JPG,train\Mango\0012_0178.JPG,3071
train,Mango,0012_0179.JPG,train\Mango\0012_0179.JPG,3072
train,Mango,0012_0180.JPG,train\Mango\0012_0180.JPG,3073
train,Mango,0012_0181.JPG,train\Mango\0012_0181.JPG,3074
train,Mango,0012_0182.JPG,train\Mango\0012_0182.JPG,3075
train,Mango,0012_0183.JPG,train\Mango\0012_0183.JPG,3076
train,Mango,0012_0184.JPG,train\Mango\0012_0184.JPG,3077
train,Mango,0012_0185.JPG,train\Mango\0012_0185.JPG,3078
train,Mango,0012_0186.JPG,train\Mango\0012_0186.JPG,3079
train,Mango,0012_0187.JPG,train\Mango\0012_0187.JPG,3080
train,Mango,0012_0188.JPG,train\Mango\0012_0188.JPG,3081
train,Mango,0012_0189.JPG,train\Mango\0012_0189.JPG,3082
train,Mango,0012_0190.JPG,train\Mango\0012_0190.JPG,3083
train,Mango,0012_0191.JPG,train\Mango\0012_0191.JPG,3084
train,Mango,0012_0192.JPG,train\Mango\0012_0192.JPG,3085
train,Mango,0012_0193.JPG,train\Mango\0012_0193.JPG,3086
train,Mango,0012_0194.JPG,train\Mango\0012_0194.JPG,3087
train,Mango,0012_0195.JPG,train\Mango\0012_0195.JPG,3088
train,Mango,0012_0196.JPG,train\Mango\0012_0196.JPG,3089
train,Mango,0012_0197.JPG,train\Mango\0012_0197.JPG,3090
train,Mango,0012_0198.JPG,train\Mango\0012_0198.JPG,3091
train,Mango,0012_0199.JPG,train\Mango\0012_0199.JPG,3092
train,Mango,0012_0200.JPG,train\Mango\0012_0200.JPG,3093
train,Mango,0012_0201.JPG,train\Mango\0012_0201.JPG,3094
train,Mango,0012_0202.JPG,train\Mango\0012_0202.JPG,3095
train,Mango,0012_0203.JPG,train\Mango\0012_0203.JPG,3096
train,Mango,0012_0204.JPG,train\Mango\0012_0204.JPG,3097
train,Mango,0012_0205.JPG,train\Mango\0012_0205.JPG,3098
train,Mango,0012_0206.JPG,train\Mango\0012_0206.JPG,3099
train,Mango,0012_0207.JPG,train\Mango\0012_0207.JPG,3100
train,Mango,0012_0208.JPG,train\Mango\0012_0208.JPG,3101
train,Mango,0012_0209.JPG,train\Mango\0012_0209.JPG,3102
train,Mango,0012_0210.JPG,train\Mango\0012_0210.JPG,3103
train,Mango,0012_0211.JPG,train\Mango\0012_0211.JPG,3104
train,Mango,0012_0212.JPG,train\Mango\0012_0212.JPG,3105
train,Mango,0012_0213.JPG,train\Mango\0012_0213.JPG,3106
train,Mango,0012_0214.JPG,train\Mango\0012_0214.JPG,3107
train,Mango,0012_0215.JPG,train\Mango\0012_0215.JPG,3108
train,Mango,0012_0216.JPG,train\Mango\0012_0216.JPG,3109
train,Mango,0012_0217.JPG,train\Mango\0012_0217.JPG,3110
train,Mango,0012_0218.JPG,train\Mango\0012_0218.JPG,3111
train,Mango,0012_0219.JPG,train\Mango\0012_0219.JPG,3112
train,Mango,0012_0220.JPG,train\Mango\0012_0220.JPG,3113
train,Mango,0012_0221.JPG,train\Mango\0012_0221.JPG,3114
train,Mango,0012_0222.JPG,train\Mango\0012_0222.JPG,3115
train,Mango,0012_0223.JPG,train\Mango\0012_0223.JPG,3116
train,Mango,0012_0224.JPG,train\Mango\0012_0224.JPG,3117
train,Mango,0012_0225.JPG,train\Mango\0012_0225.JPG,3118
train,Mango,0012_0226.JPG,train\Mango\0012_0226.JPG,3119
train,Mango,0012_0227.JPG,train\Mango\0012_0227.JPG,3120
train,Mango,0012_0228.JPG,train\Mango\0012_0228.JPG,3121
train,Mango,0012_0229.JPG,train\Mango\0012_0229.JPG,3122
train,Mango,0012_0230.JPG,train\Mango\0012_0230.JPG,3123
train,Mango,0012_0231.JPG,train\Mango\0012_0231.JPG,3124
train,Mango,0012_0232.JPG,train\Mango\0012_0232.JPG,3125
train,Mango,0012_0233.JPG,train\Mango\0012_0233.JPG,3126
train,Mango,0012_0234.JPG,train\Mango\0012_0234.JPG,3127
train,Mango,0012_0235.JPG,train\Mango\0012_0235.JPG,3128
train,Mango,0012_0236.JPG,train\Mango\0012_0236.JPG,3129
train,Mango,0012_0237.JPG,train\Mango\0012_0237.JPG,3130
train,Mango,0012_0238.JPG,train\Mango\0012_0238.JPG,3131
train,Mango,0012_0239.JPG,train\Mango\0012_0239.JPG,3132
train,Mango,0012_0240.JPG,train\Mango\0012_0240.JPG,3133
train,Mango,0012_0241.JPG,train\Mango\0012_0241.JPG,3134
train,Mango,0012_0242.JPG,train\Mango\0012_0242.JPG,3135
train,Mango,0012_0243.JPG,train\Mango\0012_0243.JPG,3136
train,Mango,0012_0244.JPG,train\Mango\0012_0244.JPG,3137
train,Mango,0012_0245.JPG,train\Mango\0012_0245.JPG,3138
train,Mango,0012_0246.JPG,train\Mango\0012_0246.JPG,3139
train,Mango,0012_0247.JPG,train\Mango\0012_0247.JPG,3140
train,Mango,0012_0248.JPG,train\Mango\0012_0248.JPG,3141
train,Mango,0012_0249.JPG,train\Mango\0012_0249.JPG,3142
train,Mango,0012_0250.JPG,train\Mango\0012_0250.JPG,3143
train,Mango,0012_0251.JPG,train\Mango\0012_0251.JPG,3144
train,Mango,0012_0252.JPG,train\Mango\0012_0252.JPG,3145
train,Mango,0012_0253.JPG,train\Mango\0012_0253.JPG,3146
train,Mango,0012_0254.JPG,train\Mango\0012_0254.JPG,3147
train,Mango,0012_0255.JPG,train\Mango\0012_0255.JPG,3148
train,Mango,0012_0256.JPG,train\Mango\0012_0256.JPG,3149
train,Mango,0012_0257.JPG,train\Mango\0012_0257.JPG,3150
train,Mango,0012_0258.JPG,train\Mango\0012_0258.JPG,3151
train,Mango,0012_0259.JPG,train\Mango\0012_0259.JPG,3152
train,Mango,0012_0260.JPG,train\Mango\0012_0260.JPG,3153
train,Mango,0012_0261.JPG,train\Mango\0012_0261.JPG,3154
train,Mango,0012_0262.JPG,train\Mango\0012_0262.JPG,3155
train,Mango,0012_0263.JPG,train\Mango\0012_0263.JPG,3156
train,Mango,0012_0264.JPG,train\Mango\0012_0264.JPG,3157
train,Mango,0012_0265.JPG,train\Mango\0012_0265.JPG,3158
train,Pomegranate,0009_0011.JPG,train\Pomegranate\0009_0011.JPG,3159
train,Pomegranate,0009_0012.JPG,train\Pomegranate\0009_0012.JPG,3160
train,Pomegranate,0009_0013.JPG,train\Pomegranate\0009_0013.JPG,3161
train,Pomegranate,0009_0014.JPG,train\Pomegranate\0009_0014.JPG,3162
train,Pomegranate,0009_0015.JPG,train\Pomegranate\0009_0015.JPG,3163
train,Pomegranate,0009_0016.JPG,train\Pomegranate\0009_0016.JPG,3164
train,Pomegranate,0009_0017.JPG,train\Pomegranate\0009_0017.JPG,3165
train,Pomegranate,0009_0018.JPG,train\Pomegranate\0009_0018.JPG,3166
train,Pomegranate,0009_0019.JPG,train\Pomegranate\0009_0019.JPG,3167
train,Pomegranate,0009_0020.JPG,train\Pomegranate\0009_0020.JPG,3168
train,Pomegranate,0009_0021.JPG,train\Pomegranate\0009_0021.JPG,3169
train,Pomegranate,0009_0022.JPG,train\Pomegranate\0009_0022.JPG,3170
train,Pomegranate,0009_0023.JPG,train\Pomegranate\0009_0023.JPG,3171
train,Pomegranate,0009_0024.JPG,train\Pomegranate\0009_0024.JPG,3172
train,Pomegranate,0009_0025.JPG,train\Pomegranate\0009_0025.JPG,3173
train,Pomegranate,0009_0026.JPG,train\Pomegranate\0009_0026.JPG,3174
train,Pomegranate,0009_0027.JPG,train\Pomegranate\0009_0027.JPG,3175
train,Pomegranate,0009_0028.JPG,train\Pomegranate\0009_0028.JPG,3176
train,Pomegranate,0009_0029.JPG,train\Pomegranate\0009_0029.JPG,3177
train,Pomegranate,0009_0030.JPG,train\Pomegranate\0009_0030.JPG,3178
train,Pomegranate,0009_0031.JPG,train\Pomegranate\0009_0031.JPG,3179
train,Pomegranate,0009_0032.JPG,train\Pomegranate\0009_0032.JPG,3180
train,Pomegranate,0009_0033.JPG,train\Pomegranate\0009_0033.JPG,3181
train,Pomegranate,0009_0034.JPG,train\Pomegranate\0009_0034.JPG,3182
train,Pomegranate,0009_0035.JPG,train\Pomegranate\0009_0035.JPG,3183
train,Pomegranate,0009_0036.JPG,train\Pomegranate\0009_0036.JPG,3184
train,Pomegranate,0009_0037.JPG,train\Pomegranate\0009_0037.JPG,3185
train,Pomegranate,0009_0038.JPG,train\Pomegranate\0009_0038.JPG,3186
train,Pomegranate,0009_0039.JPG,train\Pomegranate\0009_0039.JPG,3187
train,Pomegranate,0009_0040.JPG,train\Pomegranate\0009_0040.JPG,3188
train,Pomegranate,0009_0041.JPG,train\Pomegranate\0009_0041.JPG,3189
train,Pomegranate,0009_0042.JPG,train\Pomegranate\0009_0042.JPG,3190
train,Pomegranate,0009_0043.JPG,train\Pomegranate\0009_0043.JPG,3191
train,Pomegranate,0009_0044.JPG,train\Pomegranate\0009_0044.JPG,3192
train,Pomegranate,0009_0045.JPG,train\Pomegranate\0009_0045.JPG,3193
train,Pomegranate,0009_0046.JPG,train\Pomegranate\0009_0046.JPG,3194
train,Pomegranate,0009_0047.JPG,train\Pomegranate\0009_0047.JPG,3195
train,Pomegranate,0009_0048.JPG,train\Pomegranate\0009_0048.JPG,3196
train,Pomegranate,0009_0049.JPG,train\Pomegranate\0009_0049.JPG,3197
train,Pomegranate,0009_0050.JPG,train\Pomegranate\0009_0050.JPG,3198
train,Pomegranate,0009_0051.JPG,train\Pomegranate\0009_0051.JPG,3199
train,Pomegranate,0009_0052.JPG,train\Pomegranate\0009_0052.JPG,3200
train,Pomegranate,0009_0053.JPG,train\Pomegranate\0009_0053.JPG,3201
train,Pomegranate,0009_0054.JPG,train\Pomegranate\0009_0054.JPG,3202
train,Pomegranate,0009_0055.JPG,train\Pomegranate\0009_0055.JPG,3203
train,Pomegranate,0009_0056.JPG,train\Pomegranate\0009_0056.JPG,3204
train,Pomegranate,0009_0057.JPG,train\Pomegranate\0009_0057.JPG,3205
train,Pomegranate,0009_0058.JPG,train\Pomegranate\0009_0058.JPG,3206
train,Pomegranate,0009_0059.JPG,train\Pomegranate\0009_0059.JPG,3207
train,Pomegranate,0009_0060.JPG,train\Pomegranate\0009_0060.JPG,3208
train,Pomegranate,0009_0061.JPG,train\Pomegranate\0009_0061.JPG,3209
train,Pomegranate,0009_0062.JPG,train\Pomegranate\0009_0062.JPG,3210
train,Pomegranate,0009_0063.JPG,train\Pomegranate\0009_0063.JPG,3211
train,Pomegranate,0009_0064.JPG,train\Pomegranate\0009_0064.JPG,3212
train,Pomegranate,0009_0065.JPG,train\Pomegranate\0009_0065.JPG,3213
train,Pomegranate,0009_0066.JPG,train\Pomegranate\0009_0066.JPG,3214
train,Pomegranate,0009_0067.JPG,train\Pomegranate\0009_0067.JPG,3215
train,Pomegranate,0009_0068.JPG,train\Pomegranate\0009_0068.JPG,3216
train,Pomegranate,0009_0069.JPG,train\Pomegranate\0009_0069.JPG,3217
train,Pomegranate,0009_0070.JPG,train\Pomegranate\0009_0070.JPG,3218
train,Pomegranate,0009_0071.JPG,train\Pomegranate\0009_0071.JPG,3219
train,Pomegranate,0009_0072.JPG,train\Pomegranate\0009_0072.JPG,3220
train,Pomegranate,0009_0073.JPG,train\Pomegranate\0009_0073.JPG,3221
train,Pomegranate,0009_0074.JPG,train\Pomegranate\0009_0074.JPG,3222
train,Pomegranate,0009_0075.JPG,train\Pomegranate\0009_0075.JPG,3223
train,Pomegranate,0009_0076.JPG,train\Pomegranate\0009_0076.JPG,3224
train,Pomegranate,0009_0077.JPG,train\Pomegranate\0009_0077.JPG,3225
train,Pomegranate,0009_0078.JPG,train\Pomegranate\0009_0078.JPG,3226
train,Pomegranate,0009_0079.JPG,train\Pomegranate\0009_0079.JPG,3227
train,Pomegranate,0009_0080.JPG,train\Pomegranate\0009_0080.JPG,3228
train,Pomegranate,0009_0081.JPG,train\Pomegranate\0009_0081.JPG,3229
train,Pomegranate,0009_0082.JPG,train\Pomegranate\0009_0082.JPG,3230
train,Pomegranate,0009_0083.JPG,train\Pomegranate\0009_0083.JPG,3231
train,Pomegranate,0009_0084.JPG,train\Pomegranate\0009_0084.JPG,3232
train,Pomegranate,0009_0085.JPG,train\Pomegranate\0009_0085.JPG,3233
train,Pomegranate,0009_0086.JPG,train\Pomegranate\0009_0086.JPG,3234
train,Pomegranate,0009_0087.JPG,train\Pomegranate\0009_0087.JPG,3235
train,Pomegranate,0009_0088.JPG,train\Pomegranate\0009_0088.JPG,3236
train,Pomegranate,0009_0089.JPG,train\Pomegranate\0009_0089.JPG,3237
train,Pomegranate,0009_0090.JPG,train\Pomegranate\0009_0090.JPG,3238
train,Pomegranate,0009_0091.JPG,train\Pomegranate\0009_0091.JPG,3239
train,Pomegranate,0009_0092.JPG,train\Pomegranate\0009_0092.JPG,3240
train,Pomegranate,0009_0093.JPG,train\Pomegranate\0009_0093.JPG,3241
train,Pomegranate,0009_0094.JPG,train\Pomegranate\0009_0094.JPG,3242
train,Pomegranate,0009_0095.JPG,train\Pomegranate\0009_0095.JPG,3243
train,Pomegranate,0009_0096.JPG,train\Pomegranate\0009_0096.JPG,3244
train,Pomegranate,0009_0097.JPG,train\Pomegranate\0009_0097.JPG,3245
train,Pomegranate,0009_0098.JPG,train\Pomegranate\0009_0098.JPG,3246
train,Pomegranate,0009_0099.JPG,train\Pomegranate\0009_0099.JPG,3247
train,Pomegranate,0009_0100.JPG,train\Pomegranate\0009_0100.JPG,3248
train,Pomegranate,0009_0101.JPG,train\Pomegranate\0009_0101.JPG,3249
train,Pomegranate,0009_0102.JPG,train\Pomegranate\0009_0102.JPG,3250
train,Pomegranate,0009_0103.JPG,train\Pomegranate\0009_0103.JPG,3251
train,Pomegranate,0009_0104.JPG,train\Pomegranate\0009_0104.JPG,3252
train,Pomegranate,0009_0105.JPG,train\Pomegranate\0009_0105.JPG,3253
train,Pomegranate,0009_0106.JPG,train\Pomegranate\0009_0106.JPG,3254
train,Pomegranate,0009_0107.JPG,train\Pomegranate\0009_0107.JPG,3255
train,Pomegranate,0009_0108.JPG,train\Pomegranate\0009_0108.JPG,3256
train,Pomegranate,0009_0109.JPG,train\Pomegranate\0009_0109.JPG,3257
train,Pomegranate,0009_0110.JPG,train\Pomegranate\0009_0110.JPG,3258
train,Pomegranate,0009_0111.JPG,train\Pomegranate\0009_0111.JPG,3259
train,Pomegranate,0009_0112.JPG,train\Pomegranate\0009_0112.JPG,3260
train,Pomegranate,0009_0113.JPG,train\Pomegranate\0009_0113.JPG,3261
train,Pomegranate,0009_0114.JPG,train\Pomegranate\0009_0114.JPG,3262
train,Pomegranate,0009_0115.JPG,train\Pomegranate\0009_0115.JPG,3263
train,Pomegranate,0009_0116.JPG,train\Pomegranate\0009_0116.JPG,3264
train,Pomegranate,0009_0117.JPG,train\Pomegranate\0009_0117.JPG,3265
train,Pomegranate,0009_0118.JPG,train\Pomegranate\0009_0118.JPG,3266
train,Pomegranate,0009_0119.JPG,train\Pomegranate\0009_0119.JPG,3267
train,Pomegranate,0009_0120.JPG,train\Pomegranate\0009_0120.JPG,3268
train,Pomegranate,0009_0121.JPG,train\Pomegranate\0009_0121.JPG,3269
train,Pomegranate,0009_0122.JPG,train\Pomegranate\0009_0122.JPG,3270
train,Pomegranate,0009_0123.JPG,train\Pomegranate\0009_0123.JPG,3271
train,Pomegranate,0009_0124.JPG,train\Pomegranate\0009_0124.JPG,3272
train,Pomegranate,0009_0125.JPG,train\Pomegranate\0009_0125.JPG,3273
train,Pomegranate,0009_0126.JPG,train\Pomegranate\0009_0126.JPG,3274
train,Pomegranate,0009_0127.JPG,train\Pomegranate\0009_0127.JPG,3275
train,Pomegranate,0009_0128.JPG,train\Pomegranate\0009_0128.JPG,3276
train,Pomegranate,0009_0129.JPG,train\Pomegranate\0009_0129.JPG,3277
train,Pomegranate,0009_0130.JPG,train\Pomegranate\0009_0130.JPG,3278
train,Pomegranate,0009_0131.JPG,train\Pomegranate\0009_0131.JPG,3279
train,Pomegranate,0009_0132.JPG,train\Pomegranate\0009_0132.JPG,3280
train,Pomegranate,0009_0133.JPG,train\Pomegranate\0009_0133.JPG,3281
train,Pomegranate,0009_0134.JPG,train\Pomegranate\0009_0134.JPG,3282
train,Pomegranate,0009_0135.JPG,train\Pomegranate\0009_0135.JPG,3283
train,Pomegranate,0009_0136.JPG,train\Pomegranate\0009_0136.JPG,3284
train,Pomegranate,0009_0137.JPG,train\Pomegranate\0009_0137.JPG,3285
train,Pomegranate,0009_0138.JPG,train\Pomegranate\0009_0138.JPG,3286
train,Pomegranate,0009_0139.JPG,train\Pomegranate\0009_0139.JPG,3287
train,Pomegranate,0009_0140.JPG,train\Pomegranate\0009_0140.JPG,3288
train,Pomegranate,0009_0141.JPG,train\Pomegranate\0009_0141.JPG,3289
train,Pomegranate,0009_0142.JPG,train\Pomegranate\0009_0142.JPG,3290
train,Pomegranate,0009_0143.JPG,train\Pomegranate\0009_0143.JPG,3291
train,Pomegranate,0009_0144.JPG,train\Pomegranate\0009_0144.JPG,3292
train,Pomegranate,0009_0145.JPG,train\Pomegranate\0009_0145.JPG,3293
train,Pomegranate,0009_0146.JPG,train\Pomegranate\0009_0146.JPG,3294
train,Pomegranate,0009_0147.JPG,train\Pomegranate\0009_0147.JPG,3295
train,Pomegranate,0009_0148.JPG,train\Pomegranate\0009_0148.JPG,3296
train,Pomegranate,0009_0149.JPG,train\Pomegranate\0009_0149.JPG,3297
train,Pomegranate,0009_0150.JPG,train\Pomegranate\0009_0150.JPG,3298
train,Pomegranate,0009_0151.JPG,train\Pomegranate\0009_0151.JPG,3299
train,Pomegranate,0009_0152.JPG,train\Pomegranate\0009_0152.JPG,3300
train,Pomegranate,0009_0153.JPG,train\Pomegranate\0009_0153.JPG,3301
train,Pomegranate,0009_0154.JPG,train\Pomegranate\0009_0154.JPG,3302
train,Pomegranate,0009_0155.JPG,train\Pomegranate\0009_0155.JPG,3303
train,Pomegranate,0009_0156.JPG,train\Pomegranate\0009_0156.JPG,3304
train,Pomegranate,0009_0157.JPG,train\Pomegranate\0009_0157.JPG,3305
train,Pomegranate,0009_0158.JPG,train\Pomegranate\0009_0158.JPG,3306
train,Pomegranate,0009_0159.JPG,train\Pomegranate\0009_0159.JPG,3307
train,Pomegranate,0009_0160.JPG,train\Pomegranate\0009_0160.JPG,3308
train,Pomegranate,0009_0161.JPG,train\Pomegranate\0009_0161.JPG,3309
train,Pomegranate,0009_0162.JPG,train\Pomegranate\0009_0162.JPG,3310
train,Pomegranate,0009_0163.JPG,train\Pomegranate\0009_0163.JPG,3311
train,Pomegranate,0009_0164.JPG,train\Pomegranate\0009_0164.JPG,3312
train,Pomegranate,0009_0165.JPG,train\Pomegranate\0009_0165.JPG,3313
train,Pomegranate,0009_0166.JPG,train\Pomegranate\0009_0166.JPG,3314
train,Pomegranate,0009_0167.JPG,train\Pomegranate\0009_0167.JPG,3315
train,Pomegranate,0009_0168.JPG,train\Pomegranate\0009_0168.JPG,3316
train,Pomegranate,0009_0169.JPG,train\Pomegranate\0009_0169.JPG,3317
train,Pomegranate,0009_0170.JPG,train\Pomegranate\0009_0170.JPG,3318
train,Pomegranate,0009_0171.JPG,train\Pomegranate\0009_0171.JPG,3319
train,Pomegranate,0009_0172.JPG,train\Pomegranate\0009_0172.JPG,3320
train,Pomegranate,0009_0173.JPG,train\Pomegranate\0009_0173.JPG,3321
train,Pomegranate,0009_0174.JPG,train\Pomegranate\0009_0174.JPG,3322
train,Pomegranate,0009_0175.JPG,train\Pomegranate\0009_0175.JPG,3323
train,Pomegranate,0009_0176.JPG,train\Pomegranate\0009_0176.JPG,3324
train,Pomegranate,0009_0177.JPG,train\Pomegranate\0009_0177.JPG,3325
train,Pomegranate,0009_0178.JPG,train\Pomegranate\0009_0178.JPG,3326
train,Pomegranate,0009_0179.JPG,train\Pomegranate\0009_0179.JPG,3327
train,Pomegranate,0009_0180.JPG,train\Pomegranate\0009_0180.JPG,3328
train,Pomegranate,0009_0181.JPG,train\Pomegranate\0009_0181.JPG,3329
train,Pomegranate,0009_0182.JPG,train\Pomegranate\0009_0182.JPG,3330
train,Pomegranate,0009_0183.JPG,train\Pomegranate\0009_0183.JPG,3331
train,Pomegranate,0009_0184.JPG,train\Pomegranate\0009_0184.JPG,3332
train,Pomegranate,0009_0185.JPG,train\Pomegranate\0009_0185.JPG,3333
train,Pomegranate,0009_0186.JPG,train\Pomegranate\0009_0186.JPG,3334
train,Pomegranate,0009_0187.JPG,train\Pomegranate\0009_0187.JPG,3335
train,Pomegranate,0009_0188.JPG,train\Pomegranate\0009_0188.JPG,3336
train,Pomegranate,0009_0189.JPG,train\Pomegranate\0009_0189.JPG,3337
train,Pomegranate,0009_0190.JPG,train\Pomegranate\0009_0190.JPG,3338
train,Pomegranate,0009_0191.JPG,train\Pomegranate\0009_0191.JPG,3339
train,Pomegranate,0009_0192.JPG,train\Pomegranate\0009_0192.JPG,3340
train,Pomegranate,0009_0193.JPG,train\Pomegranate\0009_0193.JPG,3341
train,Pomegranate,0009_0194.JPG,train\Pomegranate\0009_0194.JPG,3342
train,Pomegranate,0009_0195.JPG,train\Pomegranate\0009_0195.JPG,3343
train,Pomegranate,0009_0196.JPG,train\Pomegranate\0009_0196.JPG,3344
train,Pomegranate,0009_0197.JPG,train\Pomegranate\0009_0197.JPG,3345
train,Pomegranate,0009_0198.JPG,train\Pomegranate\0009_0198.JPG,3346
train,Pomegranate,0009_0199.JPG,train\Pomegranate\0009_0199.JPG,3347
train,Pomegranate,0009_0200.JPG,train\Pomegranate\0009_0200.JPG,3348
train,Pomegranate,0009_0201.JPG,train\Pomegranate\0009_0201.JPG,3349
train,Pomegranate,0009_0202.JPG,train\Pomegranate\0009_0202.JPG,3350
train,Pomegranate,0009_0203.JPG,train\Pomegranate\0009_0203.JPG,3351
train,Pomegranate,0009_0204.JPG,train\Pomegranate\0009_0204.JPG,3352
train,Pomegranate,0009_0205.JPG,train\Pomegranate\0009_0205.JPG,3353
train,Pomegranate,0009_0206.JPG,train\Pomegranate\0009_0206.JPG,3354
train,Pomegranate,0009_0207.JPG,train\Pomegranate\0009_0207.JPG,3355
train,Pomegranate,0009_0208.JPG,train\Pomegranate\0009_0208.JPG,3356
train,Pomegranate,0009_0209.JPG,train\Pomegranate\0009_0209.JPG,3357
train,Pomegranate,0009_0210.JPG,train\Pomegranate\0009_0210.JPG,3358
train,Pomegranate,0009_0211.JPG,train\Pomegranate\0009_0211.JPG,3359
train,Pomegranate,0009_0212.JPG,train\Pomegranate\0009_0212.JPG,3360
train,Pomegranate,0009_0213.JPG,train\Pomegranate\0009_0213.JPG,3361
train,Pomegranate,0009_0214.JPG,train\Pomegranate\0009_0214.JPG,3362
train,Pomegranate,0009_0215.JPG,train\Pomegranate\0009_0215.JPG,3363
train,Pomegranate,0009_0216.JPG,train\Pomegranate\0009_0216.JPG,3364
train,Pomegranate,0009_0217.JPG,train\Pomegranate\0009_0217.JPG,3365
train,Pomegranate,0009_0218.JPG,train\Pomegranate\0009_0218.JPG,3366
train,Pomegranate,0009_0219.JPG,train\Pomegranate\0009_0219.JPG,3367
train,Pomegranate,0009_0220.JPG,train\Pomegranate\0009_0220.JPG,3368
train,Pomegranate,0009_0221.JPG,train\Pomegranate\0009_0221.JPG,3369
train,Pomegranate,0009_0222.JPG,train\Pomegranate\0009_0222.JPG,3370
train,Pomegranate,0009_0223.JPG,train\Pomegranate\0009_0223.JPG,3371
train,Pomegranate,0009_0224.JPG,train\Pomegranate\0009_0224.JPG,3372
train,Pomegranate,0009_0225.JPG,train\Pomegranate\0009_0225.JPG,3373
train,Pomegranate,0009_0226.JPG,train\Pomegranate\0009_0226.JPG,3374
train,Pomegranate,0009_0227.JPG,train\Pomegranate\0009_0227.JPG,3375
train,Pomegranate,0009_0228.JPG,train\Pomegranate\0009_0228.JPG,3376
train,Pomegranate,0009_0229.JPG,train\Pomegranate\0009_0229.JPG,3377
train,Pomegranate,0009_0230.JPG,train\Pomegranate\0009_0230.JPG,3378
train,Pomegranate,0009_0231.JPG,train\Pomegranate\0009_0231.JPG,3379
train,Pomegranate,0009_0232.JPG,train\Pomegranate\0009_0232.JPG,3380
train,Pomegranate,0009_0233.JPG,train\Pomegranate\0009_0233.JPG,3381
train,Pomegranate,0009_0234.JPG,train\Pomegranate\0009_0234.JPG,3382
train,Pomegranate,0009_0235.JPG,train\Pomegranate\0009_0235.JPG,3383
train,Pomegranate,0009_0236.JPG,train\Pomegranate\0009_0236.JPG,3384
train,Pomegranate,0009_0237.JPG,train\Pomegranate\0009_0237.JPG,3385
train,Pomegranate,0009_0238.JPG,train\Pomegranate\0009_0238.JPG,3386
train,Pomegranate,0009_0239.JPG,train\Pomegranate\0009_0239.JPG,3387
train,Pomegranate,0009_0240.JPG,train\Pomegranate\0009_0240.JPG,3388
train,Pomegranate,0009_0241.JPG,train\Pomegranate\0009_0241.JPG,3389
train,Pomegranate,0009_0242.JPG,train\Pomegranate\0009_0242.JPG,3390
train,Pomegranate,0009_0243.JPG,train\Pomegranate\0009_0243.JPG,3391
train,Pomegranate,0009_0244.JPG,train\Pomegranate\0009_0244.JPG,3392
train,Pomegranate,0009_0245.JPG,train\Pomegranate\0009_0245.JPG,3393
train,Pomegranate,0009_0246.JPG,train\Pomegranate\0009_0246.JPG,3394
train,Pomegranate,0009_0247.JPG,train\Pomegranate\0009_0247.JPG,3395
train,Pomegranate,0009_0248.JPG,train\Pomegranate\0009_0248.JPG,3396
train,Pomegranate,0009_0249.JPG,train\Pomegranate\0009_0249.JPG,3397
train,Pomegranate,0009_0250.JPG,train\Pomegranate\0009_0250.JPG,3398
train,Pomegranate,0009_0251.JPG,train\Pomegranate\0009_0251.JPG,3399
train,Pomegranate,0009_0252.JPG,train\Pomegranate\0009_0252.JPG,3400
train,Pomegranate,0009_0253.JPG,train\Pomegranate\0009_0253.JPG,3401
train,Pomegranate,0009_0254.JPG,train\Pomegranate\0009_0254.JPG,3402
train,Pomegranate,0009_0255.JPG,train\Pomegranate\0009_0255.JPG,3403
train,Pomegranate,0009_0256.JPG,train\Pomegranate\0009_0256.JPG,3404
train,Pomegranate,0009_0257.JPG,train\Pomegranate\0009_0257.JPG,3405
train,Pomegranate,0009_0258.JPG,train\Pomegranate\0009_0258.JPG,3406
train,Pomegranate,0009_0259.JPG,train\Pomegranate\0009_0259.JPG,3407
train,Pomegranate,0009_0260.JPG,train\Pomegranate\0009_0260.JPG,3408
train,Pomegranate,0009_0261.JPG,train\Pomegranate\0009_0261.JPG,3409
train,Pomegranate,0009_0262.JPG,train\Pomegranate\0009_0262.JPG,3410
train,Pomegranate,0009_0263.JPG,train\Pomegranate\0009_0263.JPG,3411
train,Pomegranate,0009_0264.JPG,train\Pomegranate\0009_0264.JPG,3412
train,Pomegranate,0009_0265.JPG,train\Pomegranate\0009_0265.JPG,3413
train,Pomegranate,0009_0266.JPG,train\Pomegranate\0009_0266.JPG,3414
train,Pomegranate,0009_0267.JPG,train\Pomegranate\0009_0267.JPG,3415
train,Pomegranate,0009_0268.JPG,train\Pomegranate\0009_0268.JPG,3416
train,Pomegranate,0009_0269.JPG,train\Pomegranate\0009_0269.JPG,3417
train,Pomegranate,0009_0270.JPG,train\Pomegranate\0009_0270.JPG,3418
train,Pomegranate,0009_0271.JPG,train\Pomegranate\0009_0271.JPG,3419
train,Pomegranate,0009_0272.JPG,train\Pomegranate\0009_0272.JPG,3420
train,Pomegranate,0009_0273.JPG,train\Pomegranate\0009_0273.JPG,3421
train,Pomegranate,0009_0274.JPG,train\Pomegranate\0009_0274.JPG,3422
train,Pomegranate,0009_0275.JPG,train\Pomegranate\0009_0275.JPG,3423
train,Pomegranate,0009_0276.JPG,train\Pomegranate\0009_0276.JPG,3424
train,Pomegranate,0009_0277.JPG,train\Pomegranate\0009_0277.JPG,3425
train,Pomegranate,0009_0278.JPG,train\Pomegranate\0009_0278.JPG,3426
train,Pomegranate,0009_0279.JPG,train\Pomegranate\0009_0279.JPG,3427
train,Pomegranate,0009_0280.JPG,train\Pomegranate\0009_0280.JPG,3428
train,Pomegranate,0009_0281.JPG,train\Pomegranate\0009_0281.JPG,3429
train,Pomegranate,0009_0282.JPG,train\Pomegranate\0009_0282.JPG,3430
train,Pomegranate,0009_0283.JPG,train\Pomegranate\0009_0283.JPG,3431
train,Pomegranate,0009_0284.JPG,train\Pomegranate\0009_0284.JPG,3432
train,Pomegranate,0009_0285.JPG,train\Pomegranate\0009_0285.JPG,3433
train,Pomegranate,0009_0286.JPG,train\Pomegranate\0009_0286.JPG,3434
train,Pomegranate,0009_0287.JPG,train\Pomegranate\0009_0287.JPG,3435
train,Pomegranate,0020_0011.JPG,train\Pomegranate\0020_0011.JPG,3436
train,Pomegranate,0020_0012.JPG,train\Pomegranate\0020_0012.JPG,3437
train,Pomegranate,0020_0013.JPG,train\Pomegranate\0020_0013.JPG,3438
train,Pomegranate,0020_0014.JPG,train\Pomegranate\0020_0014.JPG,3439
train,Pomegranate,0020_0015.JPG,train\Pomegranate\0020_0015.JPG,3440
train,Pomegranate,0020_0016.JPG,train\Pomegranate\0020_0016.JPG,3441
train,Pomegranate,0020_0017.JPG,train\Pomegranate\0020_0017.JPG,3442
train,Pomegranate,0020_0018.JPG,train\Pomegranate\0020_0018.JPG,3443
train,Pomegranate,0020_0019.JPG,train\Pomegranate\0020_0019.JPG,3444
train,Pomegranate,0020_0020.JPG,train\Pomegranate\0020_0020.JPG,3445
train,Pomegranate,0020_0021.JPG,train\Pomegranate\0020_0021.JPG,3446
train,Pomegranate,0020_0022.JPG,train\Pomegranate\0020_0022.JPG,3447
train,Pomegranate,0020_0023.JPG,train\Pomegranate\0020_0023.JPG,3448
train,Pomegranate,0020_0024.JPG,train\Pomegranate\0020_0024.JPG,3449
train,Pomegranate,0020_0025.JPG,train\Pomegranate\0020_0025.JPG,3450
train,Pomegranate,0020_0026.JPG,train\Pomegranate\0020_0026.JPG,3451
train,Pomegranate,0020_0027.JPG,train\Pomegranate\0020_0027.JPG,3452
train,Pomegranate,0020_0028.JPG,train\Pomegranate\0020_0028.JPG,3453
train,Pomegranate,0020_0029.JPG,train\Pomegranate\0020_0029.JPG,3454
train,Pomegranate,0020_0030.JPG,train\Pomegranate\0020_0030.JPG,3455
train,Pomegranate,0020_0031.JPG,train\Pomegranate\0020_0031.JPG,3456
train,Pomegranate,0020_0032.JPG,train\Pomegranate\0020_0032.JPG,3457
train,Pomegranate,0020_0033.JPG,train\Pomegranate\0020_0033.JPG,3458
train,Pomegranate,0020_0034.JPG,train\Pomegranate\0020_0034.JPG,3459
train,Pomegranate,0020_0035.JPG,train\Pomegranate\0020_0035.JPG,3460
train,Pomegranate,0020_0036.JPG,train\Pomegranate\0020_0036.JPG,3461
train,Pomegranate,0020_0037.JPG,train\Pomegranate\0020_0037.JPG,3462
train,Pomegranate,0020_0038.JPG,train\Pomegranate\0020_0038.JPG,3463
train,Pomegranate,0020_0039.JPG,train\Pomegranate\0020_0039.JPG,3464
train,Pomegranate,0020_0040.JPG,train\Pomegranate\0020_0040.JPG,3465
train,Pomegranate,0020_0041.JPG,train\Pomegranate\0020_0041.JPG,3466
train,Pomegranate,0020_0042.JPG,train\Pomegranate\0020_0042.JPG,3467
train,Pomegranate,0020_0043.JPG,train\Pomegranate\0020_0043.JPG,3468
train,Pomegranate,0020_0044.JPG,train\Pomegranate\0020_0044.JPG,3469
train,Pomegranate,0020_0045.JPG,train\Pomegranate\0020_0045.JPG,3470
train,Pomegranate,0020_0046.JPG,train\Pomegranate\0020_0046.JPG,3471
train,Pomegranate,0020_0047.JPG,train\Pomegranate\0020_0047.JPG,3472
train,Pomegranate,0020_0048.JPG,train\Pomegranate\0020_0048.JPG,3473
train,Pomegranate,0020_0049.JPG,train\Pomegranate\0020_0049.JPG,3474
train,Pomegranate,0020_0050.JPG,train\Pomegranate\0020_0050.JPG,3475
train,Pomegranate,0020_0051.JPG,train\Pomegranate\0020_0051.JPG,3476
train,Pomegranate,0020_0052.JPG,train\Pomegranate\0020_0052.JPG,3477
train,Pomegranate,0020_0053.JPG,train\Pomegranate\0020_0053.JPG,3478
train,Pomegranate,0020_0054.JPG,train\Pomegranate\0020_0054.JPG,3479
train,Pomegranate,0020_0055.JPG,train\Pomegranate\0020_0055.JPG,3480
train,Pomegranate,0020_0056.JPG,train\Pomegranate\0020_0056.JPG,3481
train,Pomegranate,0020_0057.JPG,train\Pomegranate\0020_0057.JPG,3482
train,Pomegranate,0020_0058.JPG,train\Pomegranate\0020_0058.JPG,3483
train,Pomegranate,0020_0059.JPG,train\Pomegranate\0020_0059.JPG,3484
train,Pomegranate,0020_0060.JPG,train\Pomegranate\0020_0060.JPG,3485
train,Pomegranate,0020_0061.JPG,train\Pomegranate\0020_0061.JPG,3486
train,Pomegranate,0020_0062.JPG,train\Pomegranate\0020_0062.JPG,3487
train,Pomegranate,0020_0063.JPG,train\Pomegranate\0020_0063.JPG,3488
train,Pomegranate,0020_0064.JPG,train\Pomegranate\0020_0064.JPG,3489
train,Pomegranate,0020_0065.JPG,train\Pomegranate\0020_0065.JPG,3490
train,Pomegranate,0020_0066.JPG,train\Pomegranate\0020_0066.JPG,3491
train,Pomegranate,0020_0067.JPG,train\Pomegranate\0020_0067.JPG,3492
train,Pomegranate,0020_0068.JPG,train\Pomegranate\0020_0068.JPG,3493
train,Pomegranate,0020_0069.JPG,train\Pomegranate\0020_0069.JPG,3494
train,Pomegranate,0020_0070.JPG,train\Pomegranate\0020_0070.JPG,3495
train,Pomegranate,0020_0071.JPG,train\Pomegranate\0020_0071.JPG,3496
train,Pomegranate,0020_0072.JPG,train\Pomegranate\0020_0072.JPG,3497
train,Pomegranate,0020_0073.JPG,train\Pomegranate\0020_0073.JPG,3498
train,Pomegranate,0020_0074.JPG,train\Pomegranate\0020_0074.JPG,3499
train,Pomegranate,0020_0075.JPG,train\Pomegranate\0020_0075.JPG,3500
train,Pomegranate,0020_0076.JPG,train\Pomegranate\0020_0076.JPG,3501
train,Pomegranate,0020_0077.JPG,train\Pomegranate\0020_0077.JPG,3502
train,Pomegranate,0020_0078.JPG,train\Pomegranate\0020_0078.JPG,3503
train,Pomegranate,0020_0079.JPG,train\Pomegranate\0020_0079.JPG,3504
train,Pomegranate,0020_0080.JPG,train\Pomegranate\0020_0080.JPG,3505
train,Pomegranate,0020_0081.JPG,train\Pomegranate\0020_0081.JPG,3506
train,Pomegranate,0020_0082.JPG,train\Pomegranate\0020_0082.JPG,3507
train,Pomegranate,0020_0083.JPG,train\Pomegranate\0020_0083.JPG,3508
train,Pomegranate,0020_0084.JPG,train\Pomegranate\0020_0084.JPG,3509
train,Pomegranate,0020_0085.JPG,train\Pomegranate\0020_0085.JPG,3510
train,Pomegranate,0020_0086.JPG,train\Pomegranate\0020_0086.JPG,3511
train,Pomegranate,0020_0087.JPG,train\Pomegranate\0020_0087.JPG,3512
train,Pomegranate,0020_0088.JPG,train\Pomegranate\0020_0088.JPG,3513
train,Pomegranate,0020_0089.JPG,train\Pomegranate\0020_0089.JPG,3514
train,Pomegranate,0020_0090.JPG,train\Pomegranate\0020_0090.JPG,3515
train,Pomegranate,0020_0091.JPG,train\Pomegranate\0020_0091.JPG,3516
train,Pomegranate,0020_0092.JPG,train\Pomegranate\0020_0092.JPG,3517
train,Pomegranate,0020_0093.JPG,train\Pomegranate\0020_0093.JPG,3518
train,Pomegranate,0020_0094.JPG,train\Pomegranate\0020_0094.JPG,3519
train,Pomegranate,0020_0095.JPG,train\Pomegranate\0020_0095.JPG,3520
train,Pomegranate,0020_0096.JPG,train\Pomegranate\0020_0096.JPG,3521
train,Pomegranate,0020_0097.JPG,train\Pomegranate\0020_0097.JPG,3522
train,Pomegranate,0020_0098.JPG,train\Pomegranate\0020_0098.JPG,3523
train,Pomegranate,0020_0099.JPG,train\Pomegranate\0020_0099.JPG,3524
train,Pomegranate,0020_0100.JPG,train\Pomegranate\0020_0100.JPG,3525
train,Pomegranate,0020_0101.JPG,train\Pomegranate\0020_0101.JPG,3526
train,Pomegranate,0020_0102.JPG,train\Pomegranate\0020_0102.JPG,3527
train,Pomegranate,0020_0103.JPG,train\Pomegranate\0020_0103.JPG,3528
train,Pomegranate,0020_0104.JPG,train\Pomegranate\0020_0104.JPG,3529
train,Pomegranate,0020_0105.JPG,train\Pomegranate\0020_0105.JPG,3530
train,Pomegranate,0020_0106.JPG,train\Pomegranate\0020_0106.JPG,3531
train,Pomegranate,0020_0107.JPG,train\Pomegranate\0020_0107.JPG,3532
train,Pomegranate,0020_0108.JPG,train\Pomegranate\0020_0108.JPG,3533
train,Pomegranate,0020_0109.JPG,train\Pomegranate\0020_0109.JPG,3534
train,Pomegranate,0020_0110.JPG,train\Pomegranate\0020_0110.JPG,3535
train,Pomegranate,0020_0111.JPG,train\Pomegranate\0020_0111.JPG,3536
train,Pomegranate,0020_0112.JPG,train\Pomegranate\0020_0112.JPG,3537
train,Pomegranate,0020_0113.JPG,train\Pomegranate\0020_0113.JPG,3538
train,Pomegranate,0020_0114.JPG,train\Pomegranate\0020_0114.JPG,3539
train,Pomegranate,0020_0115.JPG,train\Pomegranate\0020_0115.JPG,3540
train,Pomegranate,0020_0116.JPG,train\Pomegranate\0020_0116.JPG,3541
train,Pomegranate,0020_0117.JPG,train\Pomegranate\0020_0117.JPG,3542
train,Pomegranate,0020_0118.JPG,train\Pomegranate\0020_0118.JPG,3543
train,Pomegranate,0020_0119.JPG,train\Pomegranate\0020_0119.JPG,3544
train,Pomegranate,0020_0120.JPG,train\Pomegranate\0020_0120.JPG,3545
train,Pomegranate,0020_0121.JPG,train\Pomegranate\0020_0121.JPG,3546
train,Pomegranate,0020_0122.JPG,train\Pomegranate\0020_0122.JPG,3547
train,Pomegranate,0020_0123.JPG,train\Pomegranate\0020_0123.JPG,3548
train,Pomegranate,0020_0124.JPG,train\Pomegranate\0020_0124.JPG,3549
train,Pomegranate,0020_0125.JPG,train\Pomegranate\0020_0125.JPG,3550
train,Pomegranate,0020_0126.JPG,train\Pomegranate\0020_0126.JPG,3551
train,Pomegranate,0020_0127.JPG,train\Pomegranate\0020_0127.JPG,3552
train,Pomegranate,0020_0128.JPG,train\Pomegranate\0020_0128.JPG,3553
train,Pomegranate,0020_0129.JPG,train\Pomegranate\0020_0129.JPG,3554
train,Pomegranate,0020_0130.JPG,train\Pomegranate\0020_0130.JPG,3555
train,Pomegranate,0020_0131.JPG,train\Pomegranate\0020_0131.JPG,3556
train,Pomegranate,0020_0132.JPG,train\Pomegranate\0020_0132.JPG,3557
train,Pomegranate,0020_0133.JPG,train\Pomegranate\0020_0133.JPG,3558
train,Pomegranate,0020_0134.JPG,train\Pomegranate\0020_0134.JPG,3559
train,Pomegranate,0020_0135.JPG,train\Pomegranate\0020_0135.JPG,3560
train,Pomegranate,0020_0136.JPG,train\Pomegranate\0020_0136.JPG,3561
train,Pomegranate,0020_0137.JPG,train\Pomegranate\0020_0137.JPG,3562
train,Pomegranate,0020_0138.JPG,train\Pomegranate\0020_0138.JPG,3563
train,Pomegranate,0020_0139.JPG,train\Pomegranate\0020_0139.JPG,3564
train,Pomegranate,0020_0140.JPG,train\Pomegranate\0020_0140.JPG,3565
train,Pomegranate,0020_0141.JPG,train\Pomegranate\0020_0141.JPG,3566
train,Pomegranate,0020_0142.JPG,train\Pomegranate\0020_0142.JPG,3567
train,Pomegranate,0020_0143.JPG,train\Pomegranate\0020_0143.JPG,3568
train,Pomegranate,0020_0144.JPG,train\Pomegranate\0020_0144.JPG,3569
train,Pomegranate,0020_0145.JPG,train\Pomegranate\0020_0145.JPG,3570
train,Pomegranate,0020_0146.JPG,train\Pomegranate\0020_0146.JPG,3571
train,Pomegranate,0020_0147.JPG,train\Pomegranate\0020_0147.JPG,3572
train,Pomegranate,0020_0148.JPG,train\Pomegranate\0020_0148.JPG,3573
train,Pomegranate,0020_0149.JPG,train\Pomegranate\0020_0149.JPG,3574
train,Pomegranate,0020_0150.JPG,train\Pomegranate\0020_0150.JPG,3575
train,Pomegranate,0020_0151.JPG,train\Pomegranate\0020_0151.JPG,3576
train,Pomegranate,0020_0152.JPG,train\Pomegranate\0020_0152.JPG,3577
train,Pomegranate,0020_0153.JPG,train\Pomegranate\0020_0153.JPG,3578
train,Pomegranate,0020_0154.JPG,train\Pomegranate\0020_0154.JPG,3579
train,Pomegranate,0020_0155.JPG,train\Pomegranate\0020_0155.JPG,3580
train,Pomegranate,0020_0156.JPG,train\Pomegranate\0020_0156.JPG,3581
train,Pomegranate,0020_0157.JPG,train\Pomegranate\0020_0157.JPG,3582
train,Pomegranate,0020_0158.JPG,train\Pomegranate\0020_0158.JPG,3583
train,Pomegranate,0020_0159.JPG,train\Pomegranate\0020_0159.JPG,3584
train,Pomegranate,0020_0160.JPG,train\Pomegranate\0020_0160.JPG,3585
train,Pomegranate,0020_0161.JPG,train\Pomegranate\0020_0161.JPG,3586
train,Pomegranate,0020_0162.JPG,train\Pomegranate\0020_0162.JPG,3587
train,Pomegranate,0020_0163.JPG,train\Pomegranate\0020_0163.JPG,3588
train,Pomegranate,0020_0164.JPG,train\Pomegranate\0020_0164.JPG,3589
train,Pomegranate,0020_0165.JPG,train\Pomegranate\0020_0165.JPG,3590
train,Pomegranate,0020_0166.JPG,train\Pomegranate\0020_0166.JPG,3591
train,Pomegranate,0020_0167.JPG,train\Pomegranate\0020_0167.JPG,3592
train,Pomegranate,0020_0168.JPG,train\Pomegranate\0020_0168.JPG,3593
train,Pomegranate,0020_0169.JPG,train\Pomegranate\0020_0169.JPG,3594
train,Pomegranate,0020_0170.JPG,train\Pomegranate\0020_0170.JPG,3595
train,Pomegranate,0020_0171.JPG,train\Pomegranate\0020_0171.JPG,3596
train,Pomegranate,0020_0172.JPG,train\Pomegranate\0020_0172.JPG,3597
train,Pomegranate,0020_0173.JPG,train\Pomegranate\0020_0173.JPG,3598
train,Pomegranate,0020_0174.JPG,train\Pomegranate\0020_0174.JPG,3599
train,Pomegranate,0020_0175.JPG,train\Pomegranate\0020_0175.JPG,3600
train,Pomegranate,0020_0176.JPG,train\Pomegranate\0020_0176.JPG,3601
train,Pomegranate,0020_0177.JPG,train\Pomegranate\0020_0177.JPG,3602
train,Pomegranate,0020_0178.JPG,train\Pomegranate\0020_0178.JPG,3603
train,Pomegranate,0020_0179.JPG,train\Pomegranate\0020_0179.JPG,3604
train,Pomegranate,0020_0180.JPG,train\Pomegranate\0020_0180.JPG,3605
train,Pomegranate,0020_0181.JPG,train\Pomegranate\0020_0181.JPG,3606
train,Pomegranate,0020_0182.JPG,train\Pomegranate\0020_0182.JPG,3607
train,Pomegranate,0020_0183.JPG,train\Pomegranate\0020_0183.JPG,3608
train,Pomegranate,0020_0184.JPG,train\Pomegranate\0020_0184.JPG,3609
train,Pomegranate,0020_0185.JPG,train\Pomegranate\0020_0185.JPG,3610
train,Pomegranate,0020_0186.JPG,train\Pomegranate\0020_0186.JPG,3611
train,Pomegranate,0020_0187.JPG,train\Pomegranate\0020_0187.JPG,3612
train,Pomegranate,0020_0188.JPG,train\Pomegranate\0020_0188.JPG,3613
train,Pomegranate,0020_0189.JPG,train\Pomegranate\0020_0189.JPG,3614
train,Pomegranate,0020_0190.JPG,train\Pomegranate\0020_0190.JPG,3615
train,Pomegranate,0020_0191.JPG,train\Pomegranate\0020_0191.JPG,3616
train,Pomegranate,0020_0192.JPG,train\Pomegranate\0020_0192.JPG,3617
train,Pomegranate,0020_0193.JPG,train\Pomegranate\0020_0193.JPG,3618
train,Pomegranate,0020_0194.JPG,train\Pomegranate\0020_0194.JPG,3619
train,Pomegranate,0020_0195.JPG,train\Pomegranate\0020_0195.JPG,3620
train,Pomegranate,0020_0196.JPG,train\Pomegranate\0020_0196.JPG,3621
train,Pomegranate,0020_0197.JPG,train\Pomegranate\0020_0197.JPG,3622
train,Pomegranate,0020_0198.JPG,train\Pomegranate\0020_0198.JPG,3623
train,Pomegranate,0020_0199.JPG,train\Pomegranate\0020_0199.JPG,3624
train,Pomegranate,0020_0200.JPG,train\Pomegranate\0020_0200.JPG,3625
train,Pomegranate,0020_0201.JPG,train\Pomegranate\0020_0201.JPG,3626
train,Pomegranate,0020_0202.JPG,train\Pomegranate\0020_0202.JPG,3627
train,Pomegranate,0020_0203.JPG,train\Pomegranate\0020_0203.JPG,3628
train,Pomegranate,0020_0204.JPG,train\Pomegranate\0020_0204.JPG,3629
train,Pomegranate,0020_0205.JPG,train\Pomegranate\0020_0205.JPG,3630
train,Pomegranate,0020_0206.JPG,train\Pomegranate\0020_0206.JPG,3631
train,Pomegranate,0020_0207.JPG,train\Pomegranate\0020_0207.JPG,3632
train,Pomegranate,0020_0208.JPG,train\Pomegranate\0020_0208.JPG,3633
train,Pomegranate,0020_0209.JPG,train\Pomegranate\0020_0209.JPG,3634
train,Pomegranate,0020_0210.JPG,train\Pomegranate\0020_0210.JPG,3635
train,Pomegranate,0020_0211.JPG,train\Pomegranate\0020_0211.JPG,3636
train,Pomegranate,0020_0212.JPG,train\Pomegranate\0020_0212.JPG,3637
train,Pomegranate,0020_0213.JPG,train\Pomegranate\0020_0213.JPG,3638
train,Pomegranate,0020_0214.JPG,train\Pomegranate\0020_0214.JPG,3639
train,Pomegranate,0020_0215.JPG,train\Pomegranate\0020_0215.JPG,3640
train,Pomegranate,0020_0216.JPG,train\Pomegranate\0020_0216.JPG,3641
train,Pomegranate,0020_0217.JPG,train\Pomegranate\0020_0217.JPG,3642
train,Pomegranate,0020_0218.JPG,train\Pomegranate\0020_0218.JPG,3643
train,Pomegranate,0020_0219.JPG,train\Pomegranate\0020_0219.JPG,3644
train,Pomegranate,0020_0220.JPG,train\Pomegranate\0020_0220.JPG,3645
train,Pomegranate,0020_0221.JPG,train\Pomegranate\0020_0221.JPG,3646
train,Pomegranate,0020_0222.JPG,train\Pomegranate\0020_0222.JPG,3647
train,Pomegranate,0020_0223.JPG,train\Pomegranate\0020_0223.JPG,3648
train,Pomegranate,0020_0224.JPG,train\Pomegranate\0020_0224.JPG,3649
train,Pomegranate,0020_0225.JPG,train\Pomegranate\0020_0225.JPG,3650
train,Pomegranate,0020_0226.JPG,train\Pomegranate\0020_0226.JPG,3651
train,Pomegranate,0020_0227.JPG,train\Pomegranate\0020_0227.JPG,3652
train,Pomegranate,0020_0228.JPG,train\Pomegranate\0020_0228.JPG,3653
train,Pomegranate,0020_0229.JPG,train\Pomegranate\0020_0229.JPG,3654
train,Pomegranate,0020_0230.JPG,train\Pomegranate\0020_0230.JPG,3655
train,Pomegranate,0020_0231.JPG,train\Pomegranate\0020_0231.JPG,3656
train,Pomegranate,0020_0232.JPG,train\Pomegranate\0020_0232.JPG,3657
train,Pomegranate,0020_0233.JPG,train\Pomegranate\0020_0233.JPG,3658
train,Pomegranate,0020_0234.JPG,train\Pomegranate\0020_0234.JPG,3659
train,Pomegranate,0020_0235.JPG,train\Pomegranate\0020_0235.JPG,3660
train,Pomegranate,0020_0236.JPG,train\Pomegranate\0020_0236.JPG,3661
train,Pomegranate,0020_0237.JPG,train\Pomegranate\0020_0237.JPG,3662
train,Pomegranate,0020_0238.JPG,train\Pomegranate\0020_0238.JPG,3663
train,Pomegranate,0020_0239.JPG,train\Pomegranate\0020_0239.JPG,3664
train,Pomegranate,0020_0240.JPG,train\Pomegranate\0020_0240.JPG,3665
train,Pomegranate,0020_0241.JPG,train\Pomegranate\0020_0241.JPG,3666
train,Pomegranate,0020_0242.JPG,train\Pomegranate\0020_0242.JPG,3667
train,Pomegranate,0020_0243.JPG,train\Pomegranate\0020_0243.JPG,3668
train,Pomegranate,0020_0244.JPG,train\Pomegranate\0020_0244.JPG,3669
train,Pomegranate,0020_0245.JPG,train\Pomegranate\0020_0245.JPG,3670
train,Pomegranate,0020_0246.JPG,train\Pomegranate\0020_0246.JPG,3671
train,Pomegranate,0020_0247.JPG,train\Pomegranate\0020_0247.JPG,3672
train,Pomegranate,0020_0248.JPG,train\Pomegranate\0020_0248.JPG,3673
train,Pomegranate,0020_0249.JPG,train\Pomegranate\0020_0249.JPG,3674
train,Pomegranate,0020_0250.JPG,train\Pomegranate\0020_0250.JPG,3675
train,Pomegranate,0020_0251.JPG,train\Pomegranate\0020_0251.JPG,3676
train,Pomegranate,0020_0252.JPG,train\Pomegranate\0020_0252.JPG,3677
train,Pomegranate,0020_0253.JPG,train\Pomegranate\0020_0253.JPG,3678
train,Pomegranate,0020_0254.JPG,train\Pomegranate\0020_0254.JPG,3679
train,Pomegranate,0020_0255.JPG,train\Pomegranate\0020_0255.JPG,3680
train,Pomegranate,0020_0256.JPG,train\Pomegranate\0020_0256.JPG,3681
train,Pomegranate,0020_0257.JPG,train\Pomegranate\0020_0257.JPG,3682
train,Pomegranate,0020_0258.JPG,train\Pomegranate\0020_0258.JPG,3683
train,Pomegranate,0020_0259.JPG,train\Pomegranate\0020_0259.JPG,3684
train,Pomegranate,0020_0260.JPG,train\Pomegranate\0020_0260.JPG,3685
train,Pomegranate,0020_0261.JPG,train\Pomegranate\0020_0261.JPG,3686
train,Pomegranate,0020_0262.JPG,train\Pomegranate\0020_0262.JPG,3687
train,Pomegranate,0020_0263.JPG,train\Pomegranate\0020_0263.JPG,3688
train,Pomegranate,0020_0264.JPG,train\Pomegranate\0020_0264.JPG,3689
train,Pomegranate,0020_0265.JPG,train\Pomegranate\0020_0265.JPG,3690
train,Pomegranate,0020_0266.JPG,train\Pomegranate\0020_0266.JPG,3691
train,Pomegranate,0020_0267.JPG,train\Pomegranate\0020_0267.JPG,3692
train,Pomegranate,0020_0268.JPG,train\Pomegranate\0020_0268.JPG,3693
train,Pomegranate,0020_0269.JPG,train\Pomegranate\0020_0269.JPG,3694
train,Pomegranate,0020_0270.JPG,train\Pomegranate\0020_0270.JPG,3695
train,Pomegranate,0020_0272.JPG,train\Pomegranate\0020_0272.JPG,3696
train,Pongamia Pinnata,0007_0011.JPG,train\Pongamia Pinnata\0007_0011.JPG,3697
train,Pongamia Pinnata,0007_0012.JPG,train\Pongamia Pinnata\0007_0012.JPG,3698
train,Pongamia Pinnata,0007_0013.JPG,train\Pongamia Pinnata\0007_0013.JPG,3699
train,Pongamia Pinnata,0007_0014.JPG,train\Pongamia Pinnata\0007_0014.JPG,3700
train,Pongamia Pinnata,0007_0015.JPG,train\Pongamia Pinnata\0007_0015.JPG,3701
train,Pongamia Pinnata,0007_0016.JPG,train\Pongamia Pinnata\0007_0016.JPG,3702
train,Pongamia Pinnata,0007_0017.JPG,train\Pongamia Pinnata\0007_0017.JPG,3703
train,Pongamia Pinnata,0007_0018.JPG,train\Pongamia Pinnata\0007_0018.JPG,3704
train,Pongamia Pinnata,0007_0019.JPG,train\Pongamia Pinnata\0007_0019.JPG,3705
train,Pongamia Pinnata,0007_0020.JPG,train\Pongamia Pinnata\0007_0020.JPG,3706
train,Pongamia Pinnata,0007_0021.JPG,train\Pongamia Pinnata\0007_0021.JPG,3707
train,Pongamia Pinnata,0007_0022.JPG,train\Pongamia Pinnata\0007_0022.JPG,3708
train,Pongamia Pinnata,0007_0023.JPG,train\Pongamia Pinnata\0007_0023.JPG,3709
train,Pongamia Pinnata,0007_0024.JPG,train\Pongamia Pinnata\0007_0024.JPG,3710
train,Pongamia Pinnata,0007_0025.JPG,train\Pongamia Pinnata\0007_0025.JPG,3711
train,Pongamia Pinnata,0007_0026.JPG,train\Pongamia Pinnata\0007_0026.JPG,3712
train,Pongamia Pinnata,0007_0027.JPG,train\Pongamia Pinnata\0007_0027.JPG,3713
train,Pongamia Pinnata,0007_0028.JPG,train\Pongamia Pinnata\0007_0028.JPG,3714
train,Pongamia Pinnata,0007_0029.JPG,train\Pongamia Pinnata\0007_0029.JPG,3715
train,Pongamia Pinnata,0007_0030.JPG,train\Pongamia Pinnata\0007_0030.JPG,3716
train,Pongamia Pinnata,0007_0031.JPG,train\Pongamia Pinnata\0007_0031.JPG,3717
train,Pongamia Pinnata,0007_0032.JPG,train\Pongamia Pinnata\0007_0032.JPG,3718
train,Pongamia Pinnata,0007_0033.JPG,train\Pongamia Pinnata\0007_0033.JPG,3719
train,Pongamia Pinnata,0007_0034.JPG,train\Pongamia Pinnata\0007_0034.JPG,3720
train,Pongamia Pinnata,0007_0035.JPG,train\Pongamia Pinnata\0007_0035.JPG,3721
train,Pongamia Pinnata,0007_0036.JPG,train\Pongamia Pinnata\0007_0036.JPG,3722
train,Pongamia Pinnata,0007_0037.JPG,train\Pongamia Pinnata\0007_0037.JPG,3723
train,Pongamia Pinnata,0007_0038.JPG,train\Pongamia Pinnata\0007_0038.JPG,3724
train,Pongamia Pinnata,0007_0039.JPG,train\Pongamia Pinnata\0007_0039.JPG,3725
train,Pongamia Pinnata,0007_0040.JPG,train\Pongamia Pinnata\0007_0040.JPG,3726
train,Pongamia Pinnata,0007_0041.JPG,train\Pongamia Pinnata\0007_0041.JPG,3727
train,Pongamia Pinnata,0007_0042.JPG,train\Pongamia Pinnata\0007_0042.JPG,3728
train,Pongamia Pinnata,0007_0043.JPG,train\Pongamia Pinnata\0007_0043.JPG,3729
train,Pongamia Pinnata,0007_0044.JPG,train\Pongamia Pinnata\0007_0044.JPG,3730
train,Pongamia Pinnata,0007_0045.JPG,train\Pongamia Pinnata\0007_0045.JPG,3731
train,Pongamia Pinnata,0007_0046.JPG,train\Pongamia Pinnata\0007_0046.JPG,3732
train,Pongamia Pinnata,0007_0047.JPG,train\Pongamia Pinnata\0007_0047.JPG,3733
train,Pongamia Pinnata,0007_0048.JPG,train\Pongamia Pinnata\0007_0048.JPG,3734
train,Pongamia Pinnata,0007_0049.JPG,train\Pongamia Pinnata\0007_0049.JPG,3735
train,Pongamia Pinnata,0007_0050.JPG,train\Pongamia Pinnata\0007_0050.JPG,3736
train,Pongamia Pinnata,0007_0051.JPG,train\Pongamia Pinnata\0007_0051.JPG,3737
train,Pongamia Pinnata,0007_0052.JPG,train\Pongamia Pinnata\0007_0052.JPG,3738
train,Pongamia Pinnata,0007_0053.JPG,train\Pongamia Pinnata\0007_0053.JPG,3739
train,Pongamia Pinnata,0007_0054.JPG,train\Pongamia Pinnata\0007_0054.JPG,3740
train,Pongamia Pinnata,0007_0055.JPG,train\Pongamia Pinnata\0007_0055.JPG,3741
train,Pongamia Pinnata,0007_0056.JPG,train\Pongamia Pinnata\0007_0056.JPG,3742
train,Pongamia Pinnata,0007_0057.JPG,train\Pongamia Pinnata\0007_0057.JPG,3743
train,Pongamia Pinnata,0007_0058.JPG,train\Pongamia Pinnata\0007_0058.JPG,3744
train,Pongamia Pinnata,0007_0059.JPG,train\Pongamia Pinnata\0007_0059.JPG,3745
train,Pongamia Pinnata,0007_0060.JPG,train\Pongamia Pinnata\0007_0060.JPG,3746
train,Pongamia Pinnata,0007_0061.JPG,train\Pongamia Pinnata\0007_0061.JPG,3747
train,Pongamia Pinnata,0007_0062.JPG,train\Pongamia Pinnata\0007_0062.JPG,3748
train,Pongamia Pinnata,0007_0063.JPG,train\Pongamia Pinnata\0007_0063.JPG,3749
train,Pongamia Pinnata,0007_0064.JPG,train\Pongamia Pinnata\0007_0064.JPG,3750
train,Pongamia Pinnata,0007_0065.JPG,train\Pongamia Pinnata\0007_0065.JPG,3751
train,Pongamia Pinnata,0007_0066.JPG,train\Pongamia Pinnata\0007_0066.JPG,3752
train,Pongamia Pinnata,0007_0067.JPG,train\Pongamia Pinnata\0007_0067.JPG,3753
train,Pongamia Pinnata,0007_0068.JPG,train\Pongamia Pinnata\0007_0068.JPG,3754
train,Pongamia Pinnata,0007_0069.JPG,train\Pongamia Pinnata\0007_0069.JPG,3755
train,Pongamia Pinnata,0007_0070.JPG,train\Pongamia Pinnata\0007_0070.JPG,3756
train,Pongamia Pinnata,0007_0071.JPG,train\Pongamia Pinnata\0007_0071.JPG,3757
train,Pongamia Pinnata,0007_0072.JPG,train\Pongamia Pinnata\0007_0072.JPG,3758
train,Pongamia Pinnata,0007_0073.JPG,train\Pongamia Pinnata\0007_0073.JPG,3759
train,Pongamia Pinnata,0007_0074.JPG,train\Pongamia Pinnata\0007_0074.JPG,3760
train,Pongamia Pinnata,0007_0075.JPG,train\Pongamia Pinnata\0007_0075.JPG,3761
train,Pongamia Pinnata,0007_0076.JPG,train\Pongamia Pinnata\0007_0076.JPG,3762
train,Pongamia Pinnata,0007_0077.JPG,train\Pongamia Pinnata\0007_0077.JPG,3763
train,Pongamia Pinnata,0007_0078.JPG,train\Pongamia Pinnata\0007_0078.JPG,3764
train,Pongamia Pinnata,0007_0079.JPG,train\Pongamia Pinnata\0007_0079.JPG,3765
train,Pongamia Pinnata,0007_0080.JPG,train\Pongamia Pinnata\0007_0080.JPG,3766
train,Pongamia Pinnata,0007_0091.JPG,train\Pongamia Pinnata\0007_0091.JPG,3767
train,Pongamia Pinnata,0007_0092.JPG,train\Pongamia Pinnata\0007_0092.JPG,3768
train,Pongamia Pinnata,0007_0093.JPG,train\Pongamia Pinnata\0007_0093.JPG,3769
train,Pongamia Pinnata,0007_0094.JPG,train\Pongamia Pinnata\0007_0094.JPG,3770
train,Pongamia Pinnata,0007_0095.JPG,train\Pongamia Pinnata\0007_0095.JPG,3771
train,Pongamia Pinnata,0007_0096.JPG,train\Pongamia Pinnata\0007_0096.JPG,3772
train,Pongamia Pinnata,0007_0097.JPG,train\Pongamia Pinnata\0007_0097.JPG,3773
train,Pongamia Pinnata,0007_0098.JPG,train\Pongamia Pinnata\0007_0098.JPG,3774
train,Pongamia Pinnata,0007_0099.JPG,train\Pongamia Pinnata\0007_0099.JPG,3775
train,Pongamia Pinnata,0007_0100.JPG,train\Pongamia Pinnata\0007_0100.JPG,3776
train,Pongamia Pinnata,0007_0101.JPG,train\Pongamia Pinnata\0007_0101.JPG,3777
train,Pongamia Pinnata,0007_0102.JPG,train\Pongamia Pinnata\0007_0102.JPG,3778
train,Pongamia Pinnata,0007_0103.JPG,train\Pongamia Pinnata\0007_0103.JPG,3779
train,Pongamia Pinnata,0007_0104.JPG,train\Pongamia Pinnata\0007_0104.JPG,3780
train,Pongamia Pinnata,0007_0105.JPG,train\Pongamia Pinnata\0007_0105.JPG,3781
train,Pongamia Pinnata,0007_0106.JPG,train\Pongamia Pinnata\0007_0106.JPG,3782
train,Pongamia Pinnata,0007_0107.JPG,train\Pongamia Pinnata\0007_0107.JPG,3783
train,Pongamia Pinnata,0007_0108.JPG,train\Pongamia Pinnata\0007_0108.JPG,3784
train,Pongamia Pinnata,0007_0109.JPG,train\Pongamia Pinnata\0007_0109.JPG,3785
train,Pongamia Pinnata,0007_0110.JPG,train\Pongamia Pinnata\0007_0110.JPG,3786
train,Pongamia Pinnata,0007_0111.JPG,train\Pongamia Pinnata\0007_0111.JPG,3787
train,Pongamia Pinnata,0007_0112.JPG,train\Pongamia Pinnata\0007_0112.JPG,3788
train,Pongamia Pinnata,0007_0113.JPG,train\Pongamia Pinnata\0007_0113.JPG,3789
train,Pongamia Pinnata,0007_0114.JPG,train\Pongamia Pinnata\0007_0114.JPG,3790
train,Pongamia Pinnata,0007_0115.JPG,train\Pongamia Pinnata\0007_0115.JPG,3791
train,Pongamia Pinnata,0007_0116.JPG,train\Pongamia Pinnata\0007_0116.JPG,3792
train,Pongamia Pinnata,0007_0117.JPG,train\Pongamia Pinnata\0007_0117.JPG,3793
train,Pongamia Pinnata,0007_0118.JPG,train\Pongamia Pinnata\0007_0118.JPG,3794
train,Pongamia Pinnata,0007_0119.JPG,train\Pongamia Pinnata\0007_0119.JPG,3795
train,Pongamia Pinnata,0007_0120.JPG,train\Pongamia Pinnata\0007_0120.JPG,3796
train,Pongamia Pinnata,0007_0121.JPG,train\Pongamia Pinnata\0007_0121.JPG,3797
train,Pongamia Pinnata,0007_0122.JPG,train\Pongamia Pinnata\0007_0122.JPG,3798
train,Pongamia Pinnata,0007_0123.JPG,train\Pongamia Pinnata\0007_0123.JPG,3799
train,Pongamia Pinnata,0007_0124.JPG,train\Pongamia Pinnata\0007_0124.JPG,3800
train,Pongamia Pinnata,0007_0125.JPG,train\Pongamia Pinnata\0007_0125.JPG,3801
train,Pongamia Pinnata,0007_0126.JPG,train\Pongamia Pinnata\0007_0126.JPG,3802
train,Pongamia Pinnata,0007_0127.JPG,train\Pongamia Pinnata\0007_0127.JPG,3803
train,Pongamia Pinnata,0007_0128.JPG,train\Pongamia Pinnata\0007_0128.JPG,3804
train,Pongamia Pinnata,0007_0129.JPG,train\Pongamia Pinnata\0007_0129.JPG,3805
train,Pongamia Pinnata,0007_0130.JPG,train\Pongamia Pinnata\0007_0130.JPG,3806
train,Pongamia Pinnata,0007_0131.JPG,train\Pongamia Pinnata\0007_0131.JPG,3807
train,Pongamia Pinnata,0007_0132.JPG,train\Pongamia Pinnata\0007_0132.JPG,3808
train,Pongamia Pinnata,0007_0133.JPG,train\Pongamia Pinnata\0007_0133.JPG,3809
train,Pongamia Pinnata,0007_0134.JPG,train\Pongamia Pinnata\0007_0134.JPG,3810
train,Pongamia Pinnata,0007_0135.JPG,train\Pongamia Pinnata\0007_0135.JPG,3811
train,Pongamia Pinnata,0007_0136.JPG,train\Pongamia Pinnata\0007_0136.JPG,3812
train,Pongamia Pinnata,0007_0137.JPG,train\Pongamia Pinnata\0007_0137.JPG,3813
train,Pongamia Pinnata,0007_0138.JPG,train\Pongamia Pinnata\0007_0138.JPG,3814
train,Pongamia Pinnata,0007_0139.JPG,train\Pongamia Pinnata\0007_0139.JPG,3815
train,Pongamia Pinnata,0007_0140.JPG,train\Pongamia Pinnata\0007_0140.JPG,3816
train,Pongamia Pinnata,0007_0141.JPG,train\Pongamia Pinnata\0007_0141.JPG,3817
train,Pongamia Pinnata,0007_0142.JPG,train\Pongamia Pinnata\0007_0142.JPG,3818
train,Pongamia Pinnata,0007_0143.JPG,train\Pongamia Pinnata\0007_0143.JPG,3819
train,Pongamia Pinnata,0007_0144.JPG,train\Pongamia Pinnata\0007_0144.JPG,3820
train,Pongamia Pinnata,0007_0145.JPG,train\Pongamia Pinnata\0007_0145.JPG,3821
train,Pongamia Pinnata,0007_0146.JPG,train\Pongamia Pinnata\0007_0146.JPG,3822
train,Pongamia Pinnata,0007_0147.JPG,train\Pongamia Pinnata\0007_0147.JPG,3823
train,Pongamia Pinnata,0007_0148.JPG,train\Pongamia Pinnata\0007_0148.JPG,3824
train,Pongamia Pinnata,0007_0149.JPG,train\Pongamia Pinnata\0007_0149.JPG,3825
train,Pongamia Pinnata,0007_0150.JPG,train\Pongamia Pinnata\0007_0150.JPG,3826
train,Pongamia Pinnata,0007_0151.JPG,train\Pongamia Pinnata\0007_0151.JPG,3827
train,Pongamia Pinnata,0007_0152.JPG,train\Pongamia Pinnata\0007_0152.JPG,3828
train,Pongamia Pinnata,0007_0153.JPG,train\Pongamia Pinnata\0007_0153.JPG,3829
train,Pongamia Pinnata,0007_0154.JPG,train\Pongamia Pinnata\0007_0154.JPG,3830
train,Pongamia Pinnata,0007_0155.JPG,train\Pongamia Pinnata\0007_0155.JPG,3831
train,Pongamia Pinnata,0007_0156.JPG,train\Pongamia Pinnata\0007_0156.JPG,3832
train,Pongamia Pinnata,0007_0157.JPG,train\Pongamia Pinnata\0007_0157.JPG,3833
train,Pongamia Pinnata,0007_0158.JPG,train\Pongamia Pinnata\0007_0158.JPG,3834
train,Pongamia Pinnata,0007_0159.JPG,train\Pongamia Pinnata\0007_0159.JPG,3835
train,Pongamia Pinnata,0007_0160.JPG,train\Pongamia Pinnata\0007_0160.JPG,3836
train,Pongamia Pinnata,0007_0161.JPG,train\Pongamia Pinnata\0007_0161.JPG,3837
train,Pongamia Pinnata,0007_0162.JPG,train\Pongamia Pinnata\0007_0162.JPG,3838
train,Pongamia Pinnata,0007_0163.JPG,train\Pongamia Pinnata\0007_0163.JPG,3839
train,Pongamia Pinnata,0007_0164.JPG,train\Pongamia Pinnata\0007_0164.JPG,3840
train,Pongamia Pinnata,0007_0165.JPG,train\Pongamia Pinnata\0007_0165.JPG,3841
train,Pongamia Pinnata,0007_0166.JPG,train\Pongamia Pinnata\0007_0166.JPG,3842
train,Pongamia Pinnata,0007_0167.JPG,train\Pongamia Pinnata\0007_0167.JPG,3843
train,Pongamia Pinnata,0007_0168.JPG,train\Pongamia Pinnata\0007_0168.JPG,3844
train,Pongamia Pinnata,0007_0169.JPG,train\Pongamia Pinnata\0007_0169.JPG,3845
train,Pongamia Pinnata,0007_0170.JPG,train\Pongamia Pinnata\0007_0170.JPG,3846
train,Pongamia Pinnata,0007_0171.JPG,train\Pongamia Pinnata\0007_0171.JPG,3847
train,Pongamia Pinnata,0007_0172.JPG,train\Pongamia Pinnata\0007_0172.JPG,3848
train,Pongamia Pinnata,0007_0173.JPG,train\Pongamia Pinnata\0007_0173.JPG,3849
train,Pongamia Pinnata,0007_0174.JPG,train\Pongamia Pinnata\0007_0174.JPG,3850
train,Pongamia Pinnata,0007_0175.JPG,train\Pongamia Pinnata\0007_0175.JPG,3851
train,Pongamia Pinnata,0007_0176.JPG,train\Pongamia Pinnata\0007_0176.JPG,3852
train,Pongamia Pinnata,0007_0177.JPG,train\Pongamia Pinnata\0007_0177.JPG,3853
train,Pongamia Pinnata,0007_0178.JPG,train\Pongamia Pinnata\0007_0178.JPG,3854
train,Pongamia Pinnata,0007_0179.JPG,train\Pongamia Pinnata\0007_0179.JPG,3855
train,Pongamia Pinnata,0007_0180.JPG,train\Pongamia Pinnata\0007_0180.JPG,3856
train,Pongamia Pinnata,0007_0181.JPG,train\Pongamia Pinnata\0007_0181.JPG,3857
train,Pongamia Pinnata,0007_0182.JPG,train\Pongamia Pinnata\0007_0182.JPG,3858
train,Pongamia Pinnata,0007_0183.JPG,train\Pongamia Pinnata\0007_0183.JPG,3859
train,Pongamia Pinnata,0007_0184.JPG,train\Pongamia Pinnata\0007_0184.JPG,3860
train,Pongamia Pinnata,0007_0185.JPG,train\Pongamia Pinnata\0007_0185.JPG,3861
train,Pongamia Pinnata,0007_0186.JPG,train\Pongamia Pinnata\0007_0186.JPG,3862
train,Pongamia Pinnata,0007_0187.JPG,train\Pongamia Pinnata\0007_0187.JPG,3863
train,Pongamia Pinnata,0007_0188.JPG,train\Pongamia Pinnata\0007_0188.JPG,3864
train,Pongamia Pinnata,0007_0189.JPG,train\Pongamia Pinnata\0007_0189.JPG,3865
train,Pongamia Pinnata,0007_0190.JPG,train\Pongamia Pinnata\0007_0190.JPG,3866
train,Pongamia Pinnata,0007_0191.JPG,train\Pongamia Pinnata\0007_0191.JPG,3867
train,Pongamia Pinnata,0007_0192.JPG,train\Pongamia Pinnata\0007_0192.JPG,3868
train,Pongamia Pinnata,0007_0193.JPG,train\Pongamia Pinnata\0007_0193.JPG,3869
train,Pongamia Pinnata,0007_0194.JPG,train\Pongamia Pinnata\0007_0194.JPG,3870
train,Pongamia Pinnata,0007_0195.JPG,train\Pongamia Pinnata\0007_0195.JPG,3871
train,Pongamia Pinnata,0007_0196.JPG,train\Pongamia Pinnata\0007_0196.JPG,3872
train,Pongamia Pinnata,0007_0197.JPG,train\Pongamia Pinnata\0007_0197.JPG,3873
train,Pongamia Pinnata,0007_0198.JPG,train\Pongamia Pinnata\0007_0198.JPG,3874
train,Pongamia Pinnata,0007_0199.JPG,train\Pongamia Pinnata\0007_0199.JPG,3875
train,Pongamia Pinnata,0007_0200.JPG,train\Pongamia Pinnata\0007_0200.JPG,3876
train,Pongamia Pinnata,0007_0201.JPG,train\Pongamia Pinnata\0007_0201.JPG,3877
train,Pongamia Pinnata,0007_0202.JPG,train\Pongamia Pinnata\0007_0202.JPG,3878
train,Pongamia Pinnata,0007_0203.JPG,train\Pongamia Pinnata\0007_0203.JPG,3879
train,Pongamia Pinnata,0007_0204.JPG,train\Pongamia Pinnata\0007_0204.JPG,3880
train,Pongamia Pinnata,0007_0205.JPG,train\Pongamia Pinnata\0007_0205.JPG,3881
train,Pongamia Pinnata,0007_0206.JPG,train\Pongamia Pinnata\0007_0206.JPG,3882
train,Pongamia Pinnata,0007_0207.JPG,train\Pongamia Pinnata\0007_0207.JPG,3883
train,Pongamia Pinnata,0007_0208.JPG,train\Pongamia Pinnata\0007_0208.JPG,3884
train,Pongamia Pinnata,0007_0209.JPG,train\Pongamia Pinnata\0007_0209.JPG,3885
train,Pongamia Pinnata,0007_0210.JPG,train\Pongamia Pinnata\0007_0210.JPG,3886
train,Pongamia Pinnata,0007_0211.JPG,train\Pongamia Pinnata\0007_0211.JPG,3887
train,Pongamia Pinnata,0007_0212.JPG,train\Pongamia Pinnata\0007_0212.JPG,3888
train,Pongamia Pinnata,0007_0213.JPG,train\Pongamia Pinnata\0007_0213.JPG,3889
train,Pongamia Pinnata,0007_0214.JPG,train\Pongamia Pinnata\0007_0214.JPG,3890
train,Pongamia Pinnata,0007_0215.JPG,train\Pongamia Pinnata\0007_0215.JPG,3891
train,Pongamia Pinnata,0007_0216.JPG,train\Pongamia Pinnata\0007_0216.JPG,3892
train,Pongamia Pinnata,0007_0217.JPG,train\Pongamia Pinnata\0007_0217.JPG,3893
train,Pongamia Pinnata,0007_0218.JPG,train\Pongamia Pinnata\0007_0218.JPG,3894
train,Pongamia Pinnata,0007_0219.JPG,train\Pongamia Pinnata\0007_0219.JPG,3895
train,Pongamia Pinnata,0007_0220.JPG,train\Pongamia Pinnata\0007_0220.JPG,3896
train,Pongamia Pinnata,0007_0221.JPG,train\Pongamia Pinnata\0007_0221.JPG,3897
train,Pongamia Pinnata,0007_0222.JPG,train\Pongamia Pinnata\0007_0222.JPG,3898
train,Pongamia Pinnata,0007_0223.JPG,train\Pongamia Pinnata\0007_0223.JPG,3899
train,Pongamia Pinnata,0007_0224.JPG,train\Pongamia Pinnata\0007_0224.JPG,3900
train,Pongamia Pinnata,0007_0225.JPG,train\Pongamia Pinnata\0007_0225.JPG,3901
train,Pongamia Pinnata,0007_0226.JPG,train\Pongamia Pinnata\0007_0226.JPG,3902
train,Pongamia Pinnata,0007_0227.JPG,train\Pongamia Pinnata\0007_0227.JPG,3903
train,Pongamia Pinnata,0007_0228.JPG,train\Pongamia Pinnata\0007_0228.JPG,3904
train,Pongamia Pinnata,0007_0229.JPG,train\Pongamia Pinnata\0007_0229.JPG,3905
train,Pongamia Pinnata,0007_0230.JPG,train\Pongamia Pinnata\0007_0230.JPG,3906
train,Pongamia Pinnata,0007_0231.JPG,train\Pongamia Pinnata\0007_0231.JPG,3907
train,Pongamia Pinnata,0007_0232.JPG,train\Pongamia Pinnata\0007_0232.JPG,3908
train,Pongamia Pinnata,0007_0233.JPG,train\Pongamia Pinnata\0007_0233.JPG,3909
train,Pongamia Pinnata,0007_0234.JPG,train\Pongamia Pinnata\0007_0234.JPG,3910
train,Pongamia Pinnata,0007_0235.JPG,train\Pongamia Pinnata\0007_0235.JPG,3911
train,Pongamia Pinnata,0007_0236.JPG,train\Pongamia Pinnata\0007_0236.JPG,3912
train,Pongamia Pinnata,0007_0237.JPG,train\Pongamia Pinnata\0007_0237.JPG,3913
train,Pongamia Pinnata,0007_0238.JPG,train\Pongamia Pinnata\0007_0238.JPG,3914
train,Pongamia Pinnata,0007_0239.JPG,train\Pongamia Pinnata\0007_0239.JPG,3915
train,Pongamia Pinnata,0007_0240.JPG,train\Pongamia Pinnata\0007_0240.JPG,3916
train,Pongamia Pinnata,0007_0241.JPG,train\Pongamia Pinnata\0007_0241.JPG,3917
train,Pongamia Pinnata,0007_0242.JPG,train\Pongamia Pinnata\0007_0242.JPG,3918
train,Pongamia Pinnata,0007_0243.JPG,train\Pongamia Pinnata\0007_0243.JPG,3919
train,Pongamia Pinnata,0007_0244.JPG,train\Pongamia Pinnata\0007_0244.JPG,3920
train,Pongamia Pinnata,0007_0245.JPG,train\Pongamia Pinnata\0007_0245.JPG,3921
train,Pongamia Pinnata,0007_0246.JPG,train\Pongamia Pinnata\0007_0246.JPG,3922
train,Pongamia Pinnata,0007_0247.JPG,train\Pongamia Pinnata\0007_0247.JPG,3923
train,Pongamia Pinnata,0007_0248.JPG,train\Pongamia Pinnata\0007_0248.JPG,3924
train,Pongamia Pinnata,0007_0249.JPG,train\Pongamia Pinnata\0007_0249.JPG,3925
train,Pongamia Pinnata,0007_0250.JPG,train\Pongamia Pinnata\0007_0250.JPG,3926
train,Pongamia Pinnata,0007_0251.JPG,train\Pongamia Pinnata\0007_0251.JPG,3927
train,Pongamia Pinnata,0007_0252.JPG,train\Pongamia Pinnata\0007_0252.JPG,3928
train,Pongamia Pinnata,0007_0253.JPG,train\Pongamia Pinnata\0007_0253.JPG,3929
train,Pongamia Pinnata,0007_0254.JPG,train\Pongamia Pinnata\0007_0254.JPG,3930
train,Pongamia Pinnata,0007_0255.JPG,train\Pongamia Pinnata\0007_0255.JPG,3931
train,Pongamia Pinnata,0007_0256.JPG,train\Pongamia Pinnata\0007_0256.JPG,3932
train,Pongamia Pinnata,0007_0257.JPG,train\Pongamia Pinnata\0007_0257.JPG,3933
train,Pongamia Pinnata,0007_0258.JPG,train\Pongamia Pinnata\0007_0258.JPG,3934
train,Pongamia Pinnata,0007_0259.JPG,train\Pongamia Pinnata\0007_0259.JPG,3935
train,Pongamia Pinnata,0007_0260.JPG,train\Pongamia Pinnata\0007_0260.JPG,3936
train,Pongamia Pinnata,0007_0261.JPG,train\Pongamia Pinnata\0007_0261.JPG,3937
train,Pongamia Pinnata,0007_0262.JPG,train\Pongamia Pinnata\0007_0262.JPG,3938
train,Pongamia Pinnata,0007_0263.JPG,train\Pongamia Pinnata\0007_0263.JPG,3939
train,Pongamia Pinnata,0007_0264.JPG,train\Pongamia Pinnata\0007_0264.JPG,3940
train,Pongamia Pinnata,0007_0265.JPG,train\Pongamia Pinnata\0007_0265.JPG,3941
train,Pongamia Pinnata,0007_0266.JPG,train\Pongamia Pinnata\0007_0266.JPG,3942
train,Pongamia Pinnata,0007_0267.JPG,train\Pongamia Pinnata\0007_0267.JPG,3943
train,Pongamia Pinnata,0007_0268.JPG,train\Pongamia Pinnata\0007_0268.JPG,3944
train,Pongamia Pinnata,0007_0269.JPG,train\Pongamia Pinnata\0007_0269.JPG,3945
train,Pongamia Pinnata,0007_0270.JPG,train\Pongamia Pinnata\0007_0270.JPG,3946
train,Pongamia Pinnata,0007_0271.JPG,train\Pongamia Pinnata\0007_0271.JPG,3947
train,Pongamia Pinnata,0007_0272.JPG,train\Pongamia Pinnata\0007_0272.JPG,3948
train,Pongamia Pinnata,0007_0273.JPG,train\Pongamia Pinnata\0007_0273.JPG,3949
train,Pongamia Pinnata,0007_0274.JPG,train\Pongamia Pinnata\0007_0274.JPG,3950
train,Pongamia Pinnata,0007_0275.JPG,train\Pongamia Pinnata\0007_0275.JPG,3951
train,Pongamia Pinnata,0007_0276.JPG,train\Pongamia Pinnata\0007_0276.JPG,3952
train,Pongamia Pinnata,0007_0277.JPG,train\Pongamia Pinnata\0007_0277.JPG,3953
train,Pongamia Pinnata,0007_0278.JPG,train\Pongamia Pinnata\0007_0278.JPG,3954
train,Pongamia Pinnata,0007_0279.JPG,train\Pongamia Pinnata\0007_0279.JPG,3955
train,Pongamia Pinnata,0007_0280.JPG,train\Pongamia Pinnata\0007_0280.JPG,3956
train,Pongamia Pinnata,0007_0281.JPG,train\Pongamia Pinnata\0007_0281.JPG,3957
train,Pongamia Pinnata,0007_0282.JPG,train\Pongamia Pinnata\0007_0282.JPG,3958
train,Pongamia Pinnata,0007_0283.JPG,train\Pongamia Pinnata\0007_0283.JPG,3959
train,Pongamia Pinnata,0007_0284.JPG,train\Pongamia Pinnata\0007_0284.JPG,3960
train,Pongamia Pinnata,0007_0285.JPG,train\Pongamia Pinnata\0007_0285.JPG,3961
train,Pongamia Pinnata,0007_0286.JPG,train\Pongamia Pinnata\0007_0286.JPG,3962
train,Pongamia Pinnata,0007_0287.JPG,train\Pongamia Pinnata\0007_0287.JPG,3963
train,Pongamia Pinnata,0007_0288.JPG,train\Pongamia Pinnata\0007_0288.JPG,3964
train,Pongamia Pinnata,0007_0289.JPG,train\Pongamia Pinnata\0007_0289.JPG,3965
train,Pongamia Pinnata,0007_0290.JPG,train\Pongamia Pinnata\0007_0290.JPG,3966
train,Pongamia Pinnata,0007_0291.JPG,train\Pongamia Pinnata\0007_0291.JPG,3967
train,Pongamia Pinnata,0007_0292.JPG,train\Pongamia Pinnata\0007_0292.JPG,3968
train,Pongamia Pinnata,0007_0293.JPG,train\Pongamia Pinnata\0007_0293.JPG,3969
train,Pongamia Pinnata,0007_0294.JPG,train\Pongamia Pinnata\0007_0294.JPG,3970
train,Pongamia Pinnata,0007_0295.JPG,train\Pongamia Pinnata\0007_0295.JPG,3971
train,Pongamia Pinnata,0007_0296.JPG,train\Pongamia Pinnata\0007_0296.JPG,3972
train,Pongamia Pinnata,0007_0297.JPG,train\Pongamia Pinnata\0007_0297.JPG,3973
train,Pongamia Pinnata,0007_0298.JPG,train\Pongamia Pinnata\0007_0298.JPG,3974
train,Pongamia Pinnata,0007_0299.JPG,train\Pongamia Pinnata\0007_0299.JPG,3975
train,Pongamia Pinnata,0007_0300.JPG,train\Pongamia Pinnata\0007_0300.JPG,3976
train,Pongamia Pinnata,0007_0301.JPG,train\Pongamia Pinnata\0007_0301.JPG,3977
train,Pongamia Pinnata,0007_0302.JPG,train\Pongamia Pinnata\0007_0302.JPG,3978
train,Pongamia Pinnata,0007_0303.JPG,train\Pongamia Pinnata\0007_0303.JPG,3979
train,Pongamia Pinnata,0007_0304.JPG,train\Pongamia Pinnata\0007_0304.JPG,3980
train,Pongamia Pinnata,0007_0305.JPG,train\Pongamia Pinnata\0007_0305.JPG,3981
train,Pongamia Pinnata,0007_0306.JPG,train\Pongamia Pinnata\0007_0306.JPG,3982
train,Pongamia Pinnata,0007_0307.JPG,train\Pongamia Pinnata\0007_0307.JPG,3983
train,Pongamia Pinnata,0007_0308.JPG,train\Pongamia Pinnata\0007_0308.JPG,3984
train,Pongamia Pinnata,0007_0309.JPG,train\Pongamia Pinnata\0007_0309.JPG,3985
train,Pongamia Pinnata,0007_0310.JPG,train\Pongamia Pinnata\0007_0310.JPG,3986
train,Pongamia Pinnata,0007_0311.JPG,train\Pongamia Pinnata\0007_0311.JPG,3987
train,Pongamia Pinnata,0007_0312.JPG,train\Pongamia Pinnata\0007_0312.JPG,3988
train,Pongamia Pinnata,0007_0313.JPG,train\Pongamia Pinnata\0007_0313.JPG,3989
train,Pongamia Pinnata,0007_0314.JPG,train\Pongamia Pinnata\0007_0314.JPG,3990
train,Pongamia Pinnata,0007_0315.JPG,train\Pongamia Pinnata\0007_0315.JPG,3991
train,Pongamia Pinnata,0007_0316.JPG,train\Pongamia Pinnata\0007_0316.JPG,3992
train,Pongamia Pinnata,0007_0317.JPG,train\Pongamia Pinnata\0007_0317.JPG,3993
train,Pongamia Pinnata,0007_0318.JPG,train\Pongamia Pinnata\0007_0318.JPG,3994
train,Pongamia Pinnata,0007_0319.JPG,train\Pongamia Pinnata\0007_0319.JPG,3995
train,Pongamia Pinnata,0007_0320.JPG,train\Pongamia Pinnata\0007_0320.JPG,3996
train,Pongamia Pinnata,0007_0321.JPG,train\Pongamia Pinnata\0007_0321.JPG,3997
train,Pongamia Pinnata,0007_0322.JPG,train\Pongamia Pinnata\0007_0322.JPG,3998
train,Pongamia Pinnata,0007_0323.JPG,train\Pongamia Pinnata\0007_0323.JPG,3999
train,Pongamia Pinnata,0007_0324.JPG,train\Pongamia Pinnata\0007_0324.JPG,4000
train,Pongamia Pinnata,0007_0325.JPG,train\Pongamia Pinnata\0007_0325.JPG,4001
train,Pongamia Pinnata,0007_0326.JPG,train\Pongamia Pinnata\0007_0326.JPG,4002
train,Pongamia Pinnata,0007_0327.JPG,train\Pongamia Pinnata\0007_0327.JPG,4003
train,Pongamia Pinnata,0007_0328.JPG,train\Pongamia Pinnata\0007_0328.JPG,4004
train,Pongamia Pinnata,0007_0329.JPG,train\Pongamia Pinnata\0007_0329.JPG,4005
train,Pongamia Pinnata,0007_0330.JPG,train\Pongamia Pinnata\0007_0330.JPG,4006
train,Pongamia Pinnata,0007_0331.JPG,train\Pongamia Pinnata\0007_0331.JPG,4007
train,Pongamia Pinnata,0007_0332.JPG,train\Pongamia Pinnata\0007_0332.JPG,4008
train,Pongamia Pinnata,0019_0011.JPG,train\Pongamia Pinnata\0019_0011.JPG,4009
train,Pongamia Pinnata,0019_0012.JPG,train\Pongamia Pinnata\0019_0012.JPG,4010
train,Pongamia Pinnata,0019_0013.JPG,train\Pongamia Pinnata\0019_0013.JPG,4011
train,Pongamia Pinnata,0019_0014.JPG,train\Pongamia Pinnata\0019_0014.JPG,4012
train,Pongamia Pinnata,0019_0015.JPG,train\Pongamia Pinnata\0019_0015.JPG,4013
train,Pongamia Pinnata,0019_0016.JPG,train\Pongamia Pinnata\0019_0016.JPG,4014
train,Pongamia Pinnata,0019_0017.JPG,train\Pongamia Pinnata\0019_0017.JPG,4015
train,Pongamia Pinnata,0019_0018.JPG,train\Pongamia Pinnata\0019_0018.JPG,4016
train,Pongamia Pinnata,0019_0019.JPG,train\Pongamia Pinnata\0019_0019.JPG,4017
train,Pongamia Pinnata,0019_0020.JPG,train\Pongamia Pinnata\0019_0020.JPG,4018
train,Pongamia Pinnata,0019_0021.JPG,train\Pongamia Pinnata\0019_0021.JPG,4019
train,Pongamia Pinnata,0019_0022.JPG,train\Pongamia Pinnata\0019_0022.JPG,4020
train,Pongamia Pinnata,0019_0023.JPG,train\Pongamia Pinnata\0019_0023.JPG,4021
train,Pongamia Pinnata,0019_0024.JPG,train\Pongamia Pinnata\0019_0024.JPG,4022
train,Pongamia Pinnata,0019_0025.JPG,train\Pongamia Pinnata\0019_0025.JPG,4023
train,Pongamia Pinnata,0019_0026.JPG,train\Pongamia Pinnata\0019_0026.JPG,4024
train,Pongamia Pinnata,0019_0027.JPG,train\Pongamia Pinnata\0019_0027.JPG,4025
train,Pongamia Pinnata,0019_0028.JPG,train\Pongamia Pinnata\0019_0028.JPG,4026
train,Pongamia Pinnata,0019_0029.JPG,train\Pongamia Pinnata\0019_0029.JPG,4027
train,Pongamia Pinnata,0019_0030.JPG,train\Pongamia Pinnata\0019_0030.JPG,4028
train,Pongamia Pinnata,0019_0031.JPG,train\Pongamia Pinnata\0019_0031.JPG,4029
train,Pongamia Pinnata,0019_0032.JPG,train\Pongamia Pinnata\0019_0032.JPG,4030
train,Pongamia Pinnata,0019_0033.JPG,train\Pongamia Pinnata\0019_0033.JPG,4031
train,Pongamia Pinnata,0019_0034.JPG,train\Pongamia Pinnata\0019_0034.JPG,4032
train,Pongamia Pinnata,0019_0035.JPG,train\Pongamia Pinnata\0019_0035.JPG,4033
train,Pongamia Pinnata,0019_0036.JPG,train\Pongamia Pinnata\0019_0036.JPG,4034
train,Pongamia Pinnata,0019_0037.JPG,train\Pongamia Pinnata\0019_0037.JPG,4035
train,Pongamia Pinnata,0019_0038.JPG,train\Pongamia Pinnata\0019_0038.JPG,4036
train,Pongamia Pinnata,0019_0039.JPG,train\Pongamia Pinnata\0019_0039.JPG,4037
train,Pongamia Pinnata,0019_0040.JPG,train\Pongamia Pinnata\0019_0040.JPG,4038
train,Pongamia Pinnata,0019_0041.JPG,train\Pongamia Pinnata\0019_0041.JPG,4039
train,Pongamia Pinnata,0019_0042.JPG,train\Pongamia Pinnata\0019_0042.JPG,4040
train,Pongamia Pinnata,0019_0043.JPG,train\Pongamia Pinnata\0019_0043.JPG,4041
train,Pongamia Pinnata,0019_0044.JPG,train\Pongamia Pinnata\0019_0044.JPG,4042
train,Pongamia Pinnata,0019_0045.JPG,train\Pongamia Pinnata\0019_0045.JPG,4043
train,Pongamia Pinnata,0019_0046.JPG,train\Pongamia Pinnata\0019_0046.JPG,4044
train,Pongamia Pinnata,0019_0047.JPG,train\Pongamia Pinnata\0019_0047.JPG,4045
train,Pongamia Pinnata,0019_0048.JPG,train\Pongamia Pinnata\0019_0048.JPG,4046
train,Pongamia Pinnata,0019_0049.JPG,train\Pongamia Pinnata\0019_0049.JPG,4047
train,Pongamia Pinnata,0019_0050.JPG,train\Pongamia Pinnata\0019_0050.JPG,4048
train,Pongamia Pinnata,0019_0051.JPG,train\Pongamia Pinnata\0019_0051.JPG,4049
train,Pongamia Pinnata,0019_0052.JPG,train\Pongamia Pinnata\0019_0052.JPG,4050
train,Pongamia Pinnata,0019_0053.JPG,train\Pongamia Pinnata\0019_0053.JPG,4051
train,Pongamia Pinnata,0019_0054.JPG,train\Pongamia Pinnata\0019_0054.JPG,4052
train,Pongamia Pinnata,0019_0055.JPG,train\Pongamia Pinnata\0019_0055.JPG,4053
train,Pongamia Pinnata,0019_0056.JPG,train\Pongamia Pinnata\0019_0056.JPG,4054
train,Pongamia Pinnata,0019_0057.JPG,train\Pongamia Pinnata\0019_0057.JPG,4055
train,Pongamia Pinnata,0019_0058.JPG,train\Pongamia Pinnata\0019_0058.JPG,4056
train,Pongamia Pinnata,0019_0059.JPG,train\Pongamia Pinnata\0019_0059.JPG,4057
train,Pongamia Pinnata,0019_0060.JPG,train\Pongamia Pinnata\0019_0060.JPG,4058
train,Pongamia Pinnata,0019_0061.JPG,train\Pongamia Pinnata\0019_0061.JPG,4059
train,Pongamia Pinnata,0019_0062.JPG,train\Pongamia Pinnata\0019_0062.JPG,4060
train,Pongamia Pinnata,0019_0063.JPG,train\Pongamia Pinnata\0019_0063.JPG,4061
train,Pongamia Pinnata,0019_0064.JPG,train\Pongamia Pinnata\0019_0064.JPG,4062
train,Pongamia Pinnata,0019_0065.JPG,train\Pongamia Pinnata\0019_0065.JPG,4063
train,Pongamia Pinnata,0019_0066.JPG,train\Pongamia Pinnata\0019_0066.JPG,4064
train,Pongamia Pinnata,0019_0067.JPG,train\Pongamia Pinnata\0019_0067.JPG,4065
train,Pongamia Pinnata,0019_0068.JPG,train\Pongamia Pinnata\0019_0068.JPG,4066
train,Pongamia Pinnata,0019_0069.JPG,train\Pongamia Pinnata\0019_0069.JPG,4067
train,Pongamia Pinnata,0019_0070.JPG,train\Pongamia Pinnata\0019_0070.JPG,4068
train,Pongamia Pinnata,0019_0071.JPG,train\Pongamia Pinnata\0019_0071.JPG,4069
train,Pongamia Pinnata,0019_0072.JPG,train\Pongamia Pinnata\0019_0072.JPG,4070
train,Pongamia Pinnata,0019_0073.JPG,train\Pongamia Pinnata\0019_0073.JPG,4071
train,Pongamia Pinnata,0019_0074.JPG,train\Pongamia Pinnata\0019_0074.JPG,4072
train,Pongamia Pinnata,0019_0075.JPG,train\Pongamia Pinnata\0019_0075.JPG,4073
train,Pongamia Pinnata,0019_0076.JPG,train\Pongamia Pinnata\0019_0076.JPG,4074
train,Pongamia Pinnata,0019_0077.JPG,train\Pongamia Pinnata\0019_0077.JPG,4075
train,Pongamia Pinnata,0019_0078.JPG,train\Pongamia Pinnata\0019_0078.JPG,4076
train,Pongamia Pinnata,0019_0079.JPG,train\Pongamia Pinnata\0019_0079.JPG,4077
train,Pongamia Pinnata,0019_0080.JPG,train\Pongamia Pinnata\0019_0080.JPG,4078
train,Pongamia Pinnata,0019_0081.JPG,train\Pongamia Pinnata\0019_0081.JPG,4079
train,Pongamia Pinnata,0019_0082.JPG,train\Pongamia Pinnata\0019_0082.JPG,4080
train,Pongamia Pinnata,0019_0083.JPG,train\Pongamia Pinnata\0019_0083.JPG,4081
train,Pongamia Pinnata,0019_0084.JPG,train\Pongamia Pinnata\0019_0084.JPG,4082
train,Pongamia Pinnata,0019_0085.JPG,train\Pongamia Pinnata\0019_0085.JPG,4083
train,Pongamia Pinnata,0019_0086.JPG,train\Pongamia Pinnata\0019_0086.JPG,4084
train,Pongamia Pinnata,0019_0087.JPG,train\Pongamia Pinnata\0019_0087.JPG,4085
train,Pongamia Pinnata,0019_0088.JPG,train\Pongamia Pinnata\0019_0088.JPG,4086
train,Pongamia Pinnata,0019_0089.JPG,train\Pongamia Pinnata\0019_0089.JPG,4087
train,Pongamia Pinnata,0019_0090.JPG,train\Pongamia Pinnata\0019_0090.JPG,4088
train,Pongamia Pinnata,0019_0091.JPG,train\Pongamia Pinnata\0019_0091.JPG,4089
train,Pongamia Pinnata,0019_0092.JPG,train\Pongamia Pinnata\0019_0092.JPG,4090
train,Pongamia Pinnata,0019_0093.JPG,train\Pongamia Pinnata\0019_0093.JPG,4091
train,Pongamia Pinnata,0019_0094.JPG,train\Pongamia Pinnata\0019_0094.JPG,4092
train,Pongamia Pinnata,0019_0095.JPG,train\Pongamia Pinnata\0019_0095.JPG,4093
train,Pongamia Pinnata,0019_0096.JPG,train\Pongamia Pinnata\0019_0096.JPG,4094
train,Pongamia Pinnata,0019_0097.JPG,train\Pongamia Pinnata\0019_0097.JPG,4095
train,Pongamia Pinnata,0019_0098.JPG,train\Pongamia Pinnata\0019_0098.JPG,4096
train,Pongamia Pinnata,0019_0099.JPG,train\Pongamia Pinnata\0019_0099.JPG,4097
train,Pongamia Pinnata,0019_0100.JPG,train\Pongamia Pinnata\0019_0100.JPG,4098
train,Pongamia Pinnata,0019_0101.JPG,train\Pongamia Pinnata\0019_0101.JPG,4099
train,Pongamia Pinnata,0019_0102.JPG,train\Pongamia Pinnata\0019_0102.JPG,4100
train,Pongamia Pinnata,0019_0103.JPG,train\Pongamia Pinnata\0019_0103.JPG,4101
train,Pongamia Pinnata,0019_0104.JPG,train\Pongamia Pinnata\0019_0104.JPG,4102
train,Pongamia Pinnata,0019_0105.JPG,train\Pongamia Pinnata\0019_0105.JPG,4103
train,Pongamia Pinnata,0019_0106.JPG,train\Pongamia Pinnata\0019_0106.JPG,4104
train,Pongamia Pinnata,0019_0107.JPG,train\Pongamia Pinnata\0019_0107.JPG,4105
train,Pongamia Pinnata,0019_0108.JPG,train\Pongamia Pinnata\0019_0108.JPG,4106
train,Pongamia Pinnata,0019_0109.JPG,train\Pongamia Pinnata\0019_0109.JPG,4107
train,Pongamia Pinnata,0019_0110.JPG,train\Pongamia Pinnata\0019_0110.JPG,4108
train,Pongamia Pinnata,0019_0111.JPG,train\Pongamia Pinnata\0019_0111.JPG,4109
train,Pongamia Pinnata,0019_0112.JPG,train\Pongamia Pinnata\0019_0112.JPG,4110
train,Pongamia Pinnata,0019_0113.JPG,train\Pongamia Pinnata\0019_0113.JPG,4111
train,Pongamia Pinnata,0019_0114.JPG,train\Pongamia Pinnata\0019_0114.JPG,4112
train,Pongamia Pinnata,0019_0115.JPG,train\Pongamia Pinnata\0019_0115.JPG,4113
train,Pongamia Pinnata,0019_0116.JPG,train\Pongamia Pinnata\0019_0116.JPG,4114
train,Pongamia Pinnata,0019_0117.JPG,train\Pongamia Pinnata\0019_0117.JPG,4115
train,Pongamia Pinnata,0019_0118.JPG,train\Pongamia Pinnata\0019_0118.JPG,4116
train,Pongamia Pinnata,0019_0119.JPG,train\Pongamia Pinnata\0019_0119.JPG,4117
train,Pongamia Pinnata,0019_0120.JPG,train\Pongamia Pinnata\0019_0120.JPG,4118
train,Pongamia Pinnata,0019_0121.JPG,train\Pongamia Pinnata\0019_0121.JPG,4119
train,Pongamia Pinnata,0019_0122.JPG,train\Pongamia Pinnata\0019_0122.JPG,4120
train,Pongamia Pinnata,0019_0123.JPG,train\Pongamia Pinnata\0019_0123.JPG,4121
train,Pongamia Pinnata,0019_0124.JPG,train\Pongamia Pinnata\0019_0124.JPG,4122
train,Pongamia Pinnata,0019_0125.JPG,train\Pongamia Pinnata\0019_0125.JPG,4123
train,Pongamia Pinnata,0019_0126.JPG,train\Pongamia Pinnata\0019_0126.JPG,4124
train,Pongamia Pinnata,0019_0127.JPG,train\Pongamia Pinnata\0019_0127.JPG,4125
train,Pongamia Pinnata,0019_0128.JPG,train\Pongamia Pinnata\0019_0128.JPG,4126
train,Pongamia Pinnata,0019_0129.JPG,train\Pongamia Pinnata\0019_0129.JPG,4127
train,Pongamia Pinnata,0019_0130.JPG,train\Pongamia Pinnata\0019_0130.JPG,4128
train,Pongamia Pinnata,0019_0131.JPG,train\Pongamia Pinnata\0019_0131.JPG,4129
train,Pongamia Pinnata,0019_0132.JPG,train\Pongamia Pinnata\0019_0132.JPG,4130
train,Pongamia Pinnata,0019_0133.JPG,train\Pongamia Pinnata\0019_0133.JPG,4131
train,Pongamia Pinnata,0019_0134.JPG,train\Pongamia Pinnata\0019_0134.JPG,4132
train,Pongamia Pinnata,0019_0135.JPG,train\Pongamia Pinnata\0019_0135.JPG,4133
train,Pongamia Pinnata,0019_0136.JPG,train\Pongamia Pinnata\0019_0136.JPG,4134
train,Pongamia Pinnata,0019_0137.JPG,train\Pongamia Pinnata\0019_0137.JPG,4135
train,Pongamia Pinnata,0019_0138.JPG,train\Pongamia Pinnata\0019_0138.JPG,4136
train,Pongamia Pinnata,0019_0139.JPG,train\Pongamia Pinnata\0019_0139.JPG,4137
train,Pongamia Pinnata,0019_0140.JPG,train\Pongamia Pinnata\0019_0140.JPG,4138
train,Pongamia Pinnata,0019_0141.JPG,train\Pongamia Pinnata\0019_0141.JPG,4139
train,Pongamia Pinnata,0019_0142.JPG,train\Pongamia Pinnata\0019_0142.JPG,4140
train,Pongamia Pinnata,0019_0143.JPG,train\Pongamia Pinnata\0019_0143.JPG,4141
train,Pongamia Pinnata,0019_0144.JPG,train\Pongamia Pinnata\0019_0144.JPG,4142
train,Pongamia Pinnata,0019_0145.JPG,train\Pongamia Pinnata\0019_0145.JPG,4143
train,Pongamia Pinnata,0019_0146.JPG,train\Pongamia Pinnata\0019_0146.JPG,4144
train,Pongamia Pinnata,0019_0147.JPG,train\Pongamia Pinnata\0019_0147.JPG,4145
train,Pongamia Pinnata,0019_0148.JPG,train\Pongamia Pinnata\0019_0148.JPG,4146
train,Pongamia Pinnata,0019_0149.JPG,train\Pongamia Pinnata\0019_0149.JPG,4147
train,Pongamia Pinnata,0019_0150.JPG,train\Pongamia Pinnata\0019_0150.JPG,4148
train,Pongamia Pinnata,0019_0151.JPG,train\Pongamia Pinnata\0019_0151.JPG,4149
train,Pongamia Pinnata,0019_0152.JPG,train\Pongamia Pinnata\0019_0152.JPG,4150
train,Pongamia Pinnata,0019_0153.JPG,train\Pongamia Pinnata\0019_0153.JPG,4151
train,Pongamia Pinnata,0019_0154.JPG,train\Pongamia Pinnata\0019_0154.JPG,4152
train,Pongamia Pinnata,0019_0155.JPG,train\Pongamia Pinnata\0019_0155.JPG,4153
train,Pongamia Pinnata,0019_0156.JPG,train\Pongamia Pinnata\0019_0156.JPG,4154
train,Pongamia Pinnata,0019_0157.JPG,train\Pongamia Pinnata\0019_0157.JPG,4155
train,Pongamia Pinnata,0019_0158.JPG,train\Pongamia Pinnata\0019_0158.JPG,4156
train,Pongamia Pinnata,0019_0159.JPG,train\Pongamia Pinnata\0019_0159.JPG,4157
train,Pongamia Pinnata,0019_0160.JPG,train\Pongamia Pinnata\0019_0160.JPG,4158
train,Pongamia Pinnata,0019_0161.JPG,train\Pongamia Pinnata\0019_0161.JPG,4159
train,Pongamia Pinnata,0019_0162.JPG,train\Pongamia Pinnata\0019_0162.JPG,4160
train,Pongamia Pinnata,0019_0163.JPG,train\Pongamia Pinnata\0019_0163.JPG,4161
train,Pongamia Pinnata,0019_0164.JPG,train\Pongamia Pinnata\0019_0164.JPG,4162
train,Pongamia Pinnata,0019_0165.JPG,train\Pongamia Pinnata\0019_0165.JPG,4163
train,Pongamia Pinnata,0019_0166.JPG,train\Pongamia Pinnata\0019_0166.JPG,4164
train,Pongamia Pinnata,0019_0167.JPG,train\Pongamia Pinnata\0019_0167.JPG,4165
train,Pongamia Pinnata,0019_0168.JPG,train\Pongamia Pinnata\0019_0168.JPG,4166
train,Pongamia Pinnata,0019_0169.JPG,train\Pongamia Pinnata\0019_0169.JPG,4167
train,Pongamia Pinnata,0019_0170.JPG,train\Pongamia Pinnata\0019_0170.JPG,4168
train,Pongamia Pinnata,0019_0171.JPG,train\Pongamia Pinnata\0019_0171.JPG,4169
train,Pongamia Pinnata,0019_0172.JPG,train\Pongamia Pinnata\0019_0172.JPG,4170
train,Pongamia Pinnata,0019_0173.JPG,train\Pongamia Pinnata\0019_0173.JPG,4171
train,Pongamia Pinnata,0019_0174.JPG,train\Pongamia Pinnata\0019_0174.JPG,4172
train,Pongamia Pinnata,0019_0175.JPG,train\Pongamia Pinnata\0019_0175.JPG,4173
train,Pongamia Pinnata,0019_0176.JPG,train\Pongamia Pinnata\0019_0176.JPG,4174
train,Pongamia Pinnata,0019_0177.JPG,train\Pongamia Pinnata\0019_0177.JPG,4175
train,Pongamia Pinnata,0019_0178.JPG,train\Pongamia Pinnata\0019_0178.JPG,4176
train,Pongamia Pinnata,0019_0179.JPG,train\Pongamia Pinnata\0019_0179.JPG,4177
train,Pongamia Pinnata,0019_0180.JPG,train\Pongamia Pinnata\0019_0180.JPG,4178
train,Pongamia Pinnata,0019_0181.JPG,train\Pongamia Pinnata\0019_0181.JPG,4179
train,Pongamia Pinnata,0019_0182.JPG,train\Pongamia Pinnata\0019_0182.JPG,4180
train,Pongamia Pinnata,0019_0183.JPG,train\Pongamia Pinnata\0019_0183.JPG,4181
train,Pongamia Pinnata,0019_0184.JPG,train\Pongamia Pinnata\0019_0184.JPG,4182
train,Pongamia Pinnata,0019_0185.JPG,train\Pongamia Pinnata\0019_0185.JPG,4183
train,Pongamia Pinnata,0019_0186.JPG,train\Pongamia Pinnata\0019_0186.JPG,4184
train,Pongamia Pinnata,0019_0187.JPG,train\Pongamia Pinnata\0019_0187.JPG,4185
train,Pongamia Pinnata,0019_0188.JPG,train\Pongamia Pinnata\0019_0188.JPG,4186
train,Pongamia Pinnata,0019_0189.JPG,train\Pongamia Pinnata\0019_0189.JPG,4187
train,Pongamia Pinnata,0019_0190.JPG,train\Pongamia Pinnata\0019_0190.JPG,4188
train,Pongamia Pinnata,0019_0191.JPG,train\Pongamia Pinnata\0019_0191.JPG,4189
train,Pongamia Pinnata,0019_0192.JPG,train\Pongamia Pinnata\0019_0192.JPG,4190
train,Pongamia Pinnata,0019_0193.JPG,train\Pongamia Pinnata\0019_0193.JPG,4191
train,Pongamia Pinnata,0019_0194.JPG,train\Pongamia Pinnata\0019_0194.JPG,4192
train,Pongamia Pinnata,0019_0195.JPG,train\Pongamia Pinnata\0019_0195.JPG,4193
train,Pongamia Pinnata,0019_0196.JPG,train\Pongamia Pinnata\0019_0196.JPG,4194
train,Pongamia Pinnata,0019_0197.JPG,train\Pongamia Pinnata\0019_0197.JPG,4195
train,Pongamia Pinnata,0019_0198.JPG,train\Pongamia Pinnata\0019_0198.JPG,4196
train,Pongamia Pinnata,0019_0199.JPG,train\Pongamia Pinnata\0019_0199.JPG,4197
train,Pongamia Pinnata,0019_0200.JPG,train\Pongamia Pinnata\0019_0200.JPG,4198
train,Pongamia Pinnata,0019_0201.JPG,train\Pongamia Pinnata\0019_0201.JPG,4199
train,Pongamia Pinnata,0019_0202.JPG,train\Pongamia Pinnata\0019_0202.JPG,4200
train,Pongamia Pinnata,0019_0203.JPG,train\Pongamia Pinnata\0019_0203.JPG,4201
train,Pongamia Pinnata,0019_0204.JPG,train\Pongamia Pinnata\0019_0204.JPG,4202
train,Pongamia Pinnata,0019_0205.JPG,train\Pongamia Pinnata\0019_0205.JPG,4203
train,Pongamia Pinnata,0019_0206.JPG,train\Pongamia Pinnata\0019_0206.JPG,4204
train,Pongamia Pinnata,0019_0207.JPG,train\Pongamia Pinnata\0019_0207.JPG,4205
train,Pongamia Pinnata,0019_0208.JPG,train\Pongamia Pinnata\0019_0208.JPG,4206
train,Pongamia Pinnata,0019_0209.JPG,train\Pongamia Pinnata\0019_0209.JPG,4207
train,Pongamia Pinnata,0019_0210.JPG,train\Pongamia Pinnata\0019_0210.JPG,4208
train,Pongamia Pinnata,0019_0211.JPG,train\Pongamia Pinnata\0019_0211.JPG,4209
train,Pongamia Pinnata,0019_0212.JPG,train\Pongamia Pinnata\0019_0212.JPG,4210
train,Pongamia Pinnata,0019_0213.JPG,train\Pongamia Pinnata\0019_0213.JPG,4211
train,Pongamia Pinnata,0019_0214.JPG,train\Pongamia Pinnata\0019_0214.JPG,4212
train,Pongamia Pinnata,0019_0215.JPG,train\Pongamia Pinnata\0019_0215.JPG,4213
train,Pongamia Pinnata,0019_0216.JPG,train\Pongamia Pinnata\0019_0216.JPG,4214
train,Pongamia Pinnata,0019_0217.JPG,train\Pongamia Pinnata\0019_0217.JPG,4215
train,Pongamia Pinnata,0019_0218.JPG,train\Pongamia Pinnata\0019_0218.JPG,4216
train,Pongamia Pinnata,0019_0219.JPG,train\Pongamia Pinnata\0019_0219.JPG,4217
train,Pongamia Pinnata,0019_0220.JPG,train\Pongamia Pinnata\0019_0220.JPG,4218
train,Pongamia Pinnata,0019_0221.JPG,train\Pongamia Pinnata\0019_0221.JPG,4219
train,Pongamia Pinnata,0019_0222.JPG,train\Pongamia Pinnata\0019_0222.JPG,4220
train,Pongamia Pinnata,0019_0223.JPG,train\Pongamia Pinnata\0019_0223.JPG,4221
train,Pongamia Pinnata,0019_0224.JPG,train\Pongamia Pinnata\0019_0224.JPG,4222
train,Pongamia Pinnata,0019_0225.JPG,train\Pongamia Pinnata\0019_0225.JPG,4223
train,Pongamia Pinnata,0019_0226.JPG,train\Pongamia Pinnata\0019_0226.JPG,4224
train,Pongamia Pinnata,0019_0227.JPG,train\Pongamia Pinnata\0019_0227.JPG,4225
train,Pongamia Pinnata,0019_0228.JPG,train\Pongamia Pinnata\0019_0228.JPG,4226
train,Pongamia Pinnata,0019_0229.JPG,train\Pongamia Pinnata\0019_0229.JPG,4227
train,Pongamia Pinnata,0019_0230.JPG,train\Pongamia Pinnata\0019_0230.JPG,4228
train,Pongamia Pinnata,0019_0231.JPG,train\Pongamia Pinnata\0019_0231.JPG,4229
train,Pongamia Pinnata,0019_0232.JPG,train\Pongamia Pinnata\0019_0232.JPG,4230
train,Pongamia Pinnata,0019_0233.JPG,train\Pongamia Pinnata\0019_0233.JPG,4231
train,Pongamia Pinnata,0019_0234.JPG,train\Pongamia Pinnata\0019_0234.JPG,4232
train,Pongamia Pinnata,0019_0235.JPG,train\Pongamia Pinnata\0019_0235.JPG,4233
train,Pongamia Pinnata,0019_0236.JPG,train\Pongamia Pinnata\0019_0236.JPG,4234
train,Pongamia Pinnata,0019_0237.JPG,train\Pongamia Pinnata\0019_0237.JPG,4235
train,Pongamia Pinnata,0019_0238.JPG,train\Pongamia Pinnata\0019_0238.JPG,4236
train,Pongamia Pinnata,0019_0239.JPG,train\Pongamia Pinnata\0019_0239.JPG,4237
train,Pongamia Pinnata,0019_0240.JPG,train\Pongamia Pinnata\0019_0240.JPG,4238
train,Pongamia Pinnata,0019_0241.JPG,train\Pongamia Pinnata\0019_0241.JPG,4239
train,Pongamia Pinnata,0019_0242.JPG,train\Pongamia Pinnata\0019_0242.JPG,4240
train,Pongamia Pinnata,0019_0243.JPG,train\Pongamia Pinnata\0019_0243.JPG,4241
train,Pongamia Pinnata,0019_0244.JPG,train\Pongamia Pinnata\0019_0244.JPG,4242
train,Pongamia Pinnata,0019_0245.JPG,train\Pongamia Pinnata\0019_0245.JPG,4243
train,Pongamia Pinnata,0019_0246.JPG,train\Pongamia Pinnata\0019_0246.JPG,4244
train,Pongamia Pinnata,0019_0247.JPG,train\Pongamia Pinnata\0019_0247.JPG,4245
train,Pongamia Pinnata,0019_0248.JPG,train\Pongamia Pinnata\0019_0248.JPG,4246
train,Pongamia Pinnata,0019_0249.JPG,train\Pongamia Pinnata\0019_0249.JPG,4247
train,Pongamia Pinnata,0019_0250.JPG,train\Pongamia Pinnata\0019_0250.JPG,4248
train,Pongamia Pinnata,0019_0251.JPG,train\Pongamia Pinnata\0019_0251.JPG,4249
train,Pongamia Pinnata,0019_0252.JPG,train\Pongamia Pinnata\0019_0252.JPG,4250
train,Pongamia Pinnata,0019_0253.JPG,train\Pongamia Pinnata\0019_0253.JPG,4251
train,Pongamia Pinnata,0019_0254.JPG,train\Pongamia Pinnata\0019_0254.JPG,4252
train,Pongamia Pinnata,0019_0255.JPG,train\Pongamia Pinnata\0019_0255.JPG,4253
train,Pongamia Pinnata,0019_0256.JPG,train\Pongamia Pinnata\0019_0256.JPG,4254
train,Pongamia Pinnata,0019_0257.JPG,train\Pongamia Pinnata\0019_0257.JPG,4255
train,Pongamia Pinnata,0019_0258.JPG,train\Pongamia Pinnata\0019_0258.JPG,4256
train,Pongamia Pinnata,0019_0259.JPG,train\Pongamia Pinnata\0019_0259.JPG,4257
train,Pongamia Pinnata,0019_0260.JPG,train\Pongamia Pinnata\0019_0260.JPG,4258
train,Pongamia Pinnata,0019_0261.JPG,train\Pongamia Pinnata\0019_0261.JPG,4259
train,Pongamia Pinnata,0019_0262.JPG,train\Pongamia Pinnata\0019_0262.JPG,4260
train,Pongamia Pinnata,0019_0263.JPG,train\Pongamia Pinnata\0019_0263.JPG,4261
train,Pongamia Pinnata,0019_0264.JPG,train\Pongamia Pinnata\0019_0264.JPG,4262
train,Pongamia Pinnata,0019_0265.JPG,train\Pongamia Pinnata\0019_0265.JPG,4263
train,Pongamia Pinnata,0019_0266.JPG,train\Pongamia Pinnata\0019_0266.JPG,4264
train,Pongamia Pinnata,0019_0267.JPG,train\Pongamia Pinnata\0019_0267.JPG,4265
train,Pongamia Pinnata,0019_0268.JPG,train\Pongamia Pinnata\0019_0268.JPG,4266
train,Pongamia Pinnata,0019_0269.JPG,train\Pongamia Pinnata\0019_0269.JPG,4267
train,Pongamia Pinnata,0019_0270.JPG,train\Pongamia Pinnata\0019_0270.JPG,4268
train,Pongamia Pinnata,0019_0271.JPG,train\Pongamia Pinnata\0019_0271.JPG,4269
train,Pongamia Pinnata,0019_0272.JPG,train\Pongamia Pinnata\0019_0272.JPG,4270
train,Pongamia Pinnata,0019_0273.JPG,train\Pongamia Pinnata\0019_0273.JPG,4271
train,Pongamia Pinnata,0019_0274.JPG,train\Pongamia Pinnata\0019_0274.JPG,4272
train,Pongamia Pinnata,0019_0275.JPG,train\Pongamia Pinnata\0019_0275.JPG,4273
